"Id","ProductName","ProductId","Price","NumberOfTickets","DateCreated","OrderId","ExternalTransactionId","Status","PurchasedBy_Id","Type"
1,One Black Coffee,6,10,1,2020-01-19 16:28:33.644,eba5df9b-0a4b-49dc-90e4-fe9b9019ab96,,Cancelled,5,MobilePayV1
2,One Black Coffee,6,10,1,2020-01-19 16:30:17.021,"5d282558-88f4-47d8-84cb-c2b5fd3a80fd",,Cancelled,5,MobilePayV1
3,One Black Coffee,6,10,1,2020-01-19 16:39:51.563,"2e910c1f-9811-4543-8ce7-9747472f10ae","076E028567568932PH",Completed,5,MobilePayV1
4,One Black Coffee,6,10,1,2020-02-16 10:59:05.468,"39acc0d0-0e6b-48eb-b64b-24526830f7d8",,Cancelled,5,MobilePayV1
5,One Black Coffee,6,10,1,2020-02-16 11:01:36.899,"14570ba4-9495-495c-9b01-1d730df89b37",,Cancelled,5,MobilePayV1
6,One Black Coffee,6,10,1,2020-02-16 11:02:09.788,ab141d38-1439-438f-9cff-3db87d7ff7ee,,Cancelled,5,MobilePayV1
7,One Black Coffee,6,10,1,2020-02-16 11:23:50.472,"5af4a3b6-67d1-44cc-ad85-45fee4644a1b",,Cancelled,5,MobilePayV1
8,One Black Coffee,6,10,1,2020-02-16 11:40:06.962,"117d2350-57e4-47f2-ac86-1d29be656836",,Cancelled,5,MobilePayV1
9,One Black Coffee,6,10,1,2020-02-16 11:45:26.520,ef1e0b23-d6fa-4d04-93e5-021815353475,"135E029151386223PH",Completed,5,MobilePayV1
10,One Black Coffee,6,10,1,2020-02-16 11:46:53.736,"4fe51fce-9d60-41b7-ba4c-12adf31533a8","097E029151402003PH",Completed,5,MobilePayV1
11,One Black Coffee,6,10,1,2020-02-16 11:53:43.500,"6abdf12c-238a-486c-b0d8-4be5284689c5","175E029151475927PH",Completed,5,MobilePayV1
12,One Black Coffee,6,10,1,2020-02-16 11:59:15.367,"69ea987d-1d52-44dc-a6d6-20ba4f12fca1","233E029151535631PH",Completed,5,MobilePayV1
13,One Black Coffee,6,10,1,2020-02-16 12:02:11.663,caed51b3-478f-4ce2-9125-66340886b912,,Cancelled,5,MobilePayV1
14,One Black Coffee,6,10,1,2020-02-16 12:02:13.463,d354eaa9-cded-44dc-988d-13a6d8f80bf3,,Cancelled,5,MobilePayV1
15,Syrup,4,10,10,2020-02-16 12:03:25.558,d67f67c0-dfac-4a3e-a869-dd80cd8a4c77,,Cancelled,5,MobilePayV1
16,One Black Coffee,6,10,1,2020-02-16 12:03:42.789,"68a74fbc-02ea-4c79-9ec2-c1ae0044dc4e","125E029151583821PH",Completed,5,MobilePayV1
17,One Black Coffee,6,10,1,2020-02-16 12:37:53.346,f5542185-b5cf-4ddc-9e53-0287d0e8cd1d,"173E029151962849PH",Completed,5,MobilePayV1
18,One Black Coffee,6,10,1,2020-02-16 13:00:19.898,eadc9b85-5936-49fb-9be5-5761f7a067a0,"184E029152214518PH",Completed,6,MobilePayV1
19,One Black Coffee,6,10,1,2020-02-16 14:23:53.456,"149dcb59-f539-42a0-a559-7f513170a333","087E029153233491PH",Completed,6,MobilePayV1
20,One Black Coffee,6,10,1,2020-02-16 14:26:18.767,"0696e54f-a3f3-4eb4-aea2-be0528ce77f5","144E029153259692PH",Completed,6,MobilePayV1
21,One Black Coffee,6,10,1,2020-02-16 14:29:47.303,ae7b4b62-fbc8-4138-9736-d19489426b08,"193E029153296125PH",Completed,6,MobilePayV1
22,Filter Coffee,1,80,10,2020-02-16 14:38:22.359,e7a07bcf-a77c-4ef8-af60-a55a26319a9f,,Cancelled,7,MobilePayV1
23,One Black Coffee,6,10,1,2020-02-16 14:38:31.404,f536e3f4-b14c-4e3c-a4fd-b399e8e32267,,Cancelled,7,MobilePayV1
24,Tea,3,50,10,2020-02-16 14:38:40.036,"2a950ae8-b79e-4d28-845b-31c0aff3f56e",,Cancelled,7,MobilePayV1
25,One Black Coffee,6,10,1,2020-02-16 14:39:23.795,"200a10d0-bada-40c4-9130-33441852941d","121E029153399093PH",Completed,7,MobilePayV1
26,One Black Coffee,6,10,1,2020-02-16 14:56:51.454,f14786d9-e223-41e3-bc51-3d2415894db5,"053E029153584265PH",Completed,6,MobilePayV1
27,Filter Coffee,1,80,10,2020-02-16 15:44:41.984,"782d22d6-2baf-462b-9d97-3f785fb3dc0b",,Cancelled,17,MobilePayV1
28,Filter Coffee,1,80,10,2020-02-16 15:56:24.841,"771c5a04-b16d-44a3-a9ab-7a2203901cf5",,Cancelled,18,MobilePayV1
29,One Black Coffee,6,10,1,2020-02-16 15:56:31.458,a4d89032-65e0-4383-81bf-4c909a4a6874,"248E029154302468PH",Completed,18,MobilePayV1
30,Filter Coffee,1,80,10,2020-02-16 17:04:37.864,d379ce19-4db3-4ee8-b419-063a505720a2,,Cancelled,7,MobilePayV1
31,Filter Coffee,1,80,10,2020-02-16 17:05:12.356,"4500583f-34f4-4283-89c0-bf9f646d3e51",,Cancelled,7,MobilePayV1
32,TEST Espresso Based,2,2,10,2020-02-17 08:17:48.599,"78dcd71d-3dee-46f3-b1be-b7479ddc5ec8","5285111708",Completed,24,MobilePayV1
33,TEST Filter Coffee,1,2,10,2020-02-17 08:18:25.344,"042e4d2a-b46e-4bcb-b50c-a88ce50d4294","213E029164877263PH",Completed,23,MobilePayV1
34,TEST One Black Coffee,6,2,1,2020-02-17 08:19:52.167,f0b7b3f7-67fb-41ba-bcab-97d417f0479d,"5285112408",Completed,24,MobilePayV1
35,TEST Espresso Based,2,2,10,2020-02-17 08:20:18.201,"21fd8489-458f-4854-a1f7-8b3f682e2e08",,Cancelled,23,MobilePayV1
36,TEST Espresso Based,2,2,10,2020-02-17 08:20:29.194,"01a101c9-f51c-44e1-92d6-e33b141f16b4","067E029164906813PH",Completed,23,MobilePayV1
37,TEST One Black Coffee,6,2,1,2020-02-17 08:21:46.291,fa4c7a81-ba7b-442c-b75d-002b36f1818c,"030E029164921480PH",Completed,23,MobilePayV1
38,TEST Filter Coffee,1,2,10,2020-02-17 08:22:13.389,e1329103-56bd-4413-9b0a-0a1754ab4c1d,"051E029164926057PH",Completed,23,MobilePayV1
39,TEST One Black Coffee,6,2,1,2020-02-17 08:22:27.405,c168392e-dc74-48b1-a2e6-0190187c9713,"173E029164929021PH",Completed,23,MobilePayV1
40,TEST One Black Coffee,6,2,1,2020-02-17 08:22:50.791,"97186864-f537-45aa-93f6-52ef99cf1e60","087E029164933737PH",Completed,23,MobilePayV1
41,TEST Tea,3,2,10,2020-02-17 08:23:16.677,af6fdc18-879b-4409-90fc-bcc8cf583a33,"220E029164938232PH",Completed,23,MobilePayV1
42,TEST Filter Coffee,1,2,10,2020-02-17 08:23:16.751,"7efa3d1e-6701-470b-9a54-c29f1188515f",,Cancelled,24,MobilePayV1
43,TEST Filter Coffee,1,2,10,2020-02-17 08:28:22.584,"2a7f2d11-4549-4f8c-93a5-ac581ff39d49","082E029165006922PH",Completed,22,MobilePayV1
44,TEST One Black Coffee,6,2,1,2020-02-17 08:29:32.661,"7ec62f43-2905-4660-bcce-806e89198629","084E029165020888PH",Completed,22,MobilePayV1
45,TEST Espresso Based,2,2,10,2020-02-17 08:31:58.210,"2e9dcfff-317a-429c-bd6d-f38c3836fe6d","069E029165069649PH",Completed,23,MobilePayV1
46,TEST Filter Coffee,1,2,10,2020-02-17 08:43:54.620,da778bcd-1905-4d8b-8c4b-43ef3fa188e2,"5285121303",Completed,24,MobilePayV1
47,TEST Espresso Based,2,2,10,2020-02-17 08:45:05.610,fefbb864-19b2-46b5-9f13-8013e8372898,,Cancelled,24,MobilePayV1
48,TEST Filter Coffee,1,2,10,2020-02-17 08:45:09.857,de0cdd33-73c4-46d6-ba3b-ad6eb60db1e8,"5285121778",Completed,24,MobilePayV1
49,TEST One Black Coffee,6,2,1,2020-02-17 10:35:49.985,fbbb5796-6168-45d5-801c-d5c73ab03204,"150E029168431930PH",Completed,25,MobilePayV1
50,TEST Filter Coffee,1,2,10,2020-02-17 10:36:36.157,a9f74ea4-085c-450e-8792-9c13400e6b7f,"182E029168447640PH",Completed,25,MobilePayV1
51,TEST Espresso Based,2,2,10,2020-02-17 10:37:17.139,d14e0534-4bf5-472d-bd87-dc9960461dd0,"090E029168463592PH",Completed,25,MobilePayV1
52,TEST Espresso Based,2,2,10,2020-02-18 07:41:59.966,"8a742301-3bf4-43fd-876d-d6adae37ce89","024E029186473898PH",Completed,33,MobilePayV1
53,TEST Cocoa,5,2,10,2020-02-18 07:51:01.597,"295b5da4-efa6-4687-9982-2e3e1078b1c3",,Cancelled,33,MobilePayV1
54,TEST Cocoa,5,2,10,2020-02-18 07:51:06.358,"7dafbbf0-883b-45db-836d-02326ad853b2",,Cancelled,33,MobilePayV1
55,TEST Tea,3,2,10,2020-02-18 07:58:11.677,"38a70fd2-df4e-4ef8-9a04-47f05af8212a",,Cancelled,33,MobilePayV1
56,TEST Filter Coffee,1,2,10,2020-02-20 19:50:05.170,bd6d222e-da75-46c7-afd0-7bed6fb8a7be,"173E029242096511PH",Completed,7,MobilePayV1
57,TEST Espresso Based,2,2,10,2020-02-20 19:53:36.128,"91847c88-9965-46f2-931f-1fdf6e89800e","028E029242167960PH",Completed,7,MobilePayV1
58,TEST Filter Coffee,1,2,10,2020-02-20 20:08:46.660,"6ca8b63d-bdef-4622-8faa-a7e0ed3dfa9d",,Cancelled,34,MobilePayV1
59,TEST Espresso Based,2,2,10,2020-02-20 20:09:03.248,"8889542d-d508-42bc-b5cb-5a6f32f26201",,Cancelled,34,MobilePayV1
60,TEST Filter Coffee,1,2,10,2020-02-20 20:09:34.926,"3e532747-0a97-44df-b579-e6108ea6eb8f",,Cancelled,34,MobilePayV1
61,TEST One Black Coffee,6,2,1,2020-02-20 20:10:18.270,ae337d38-adc4-4bc9-837b-30be313d3737,,Cancelled,34,MobilePayV1
62,TEST Cocoa,5,2,10,2020-02-20 22:20:16.992,"8fc701a2-0dab-4b3d-a2d6-9d4f734be3a6","211E029244386591PH",Completed,5,MobilePayV1
63,TEST Cocoa,5,2,10,2020-02-20 22:35:36.539,"2ee6db81-c64c-48e2-99b2-bf7f11122415","175E029244429219PH",Completed,22,MobilePayV1
64,TEST Filter Coffee,1,2,10,2020-02-21 03:55:57.497,af07e852-bfa8-4c8f-85dd-f01fd8569c02,,Cancelled,34,MobilePayV1
65,TEST One Black Coffee,6,2,1,2020-02-21 09:19:28.056,"96988659-ebe5-4ec7-9328-607cea9ad6e1",,Cancelled,22,MobilePayV1
66,TEST Espresso Based,2,2,10,2020-02-21 18:04:11.292,c60136df-3342-4c3a-bdf6-d93c28db72c9,"122E029263325190PH",Completed,23,MobilePayV1
67,TEST Filter Coffee,1,2,10,2020-02-23 19:09:08.713,db60159d-3f4e-43b3-8f93-b12c8b0b89a2,,Cancelled,36,MobilePayV1
68,TEST Filter Coffee,1,2,10,2020-02-23 19:37:35.982,f44b0f6c-fdb0-4095-bd67-6d4f0e8eaa51,,Cancelled,34,MobilePayV1
69,TEST Filter Coffee,1,2,10,2020-02-23 19:38:12.409,"3ed51726-bdd7-4d6d-b087-5cb4d0872ac3",,Cancelled,34,MobilePayV1
70,TEST Cocoa,5,2,10,2020-02-23 22:37:17.002,"02a34b15-afe8-4d08-901a-8c2a1973ead8",,Cancelled,36,MobilePayV1
71,TEST Filter Coffee,1,2,10,2020-02-24 12:24:55.608,"9656c27c-0821-4192-8421-49906828cc33",,Cancelled,38,MobilePayV1
72,TEST One Black Coffee,6,2,1,2020-02-24 12:25:17.194,"8f7cbfd6-dc43-4087-9d78-82dad5253b2b",,Cancelled,38,MobilePayV1
73,TEST Espresso Based,2,2,10,2020-02-24 12:26:01.119,"90b0f6fd-2e02-4ee1-b263-f00236e24bbd","120E029304714330PH",Completed,38,MobilePayV1
74,TEST One Black Coffee,6,2,1,2020-02-24 12:35:35.887,"7bbcd5df-c04a-4d17-9833-32e9ea793e99",,Cancelled,38,MobilePayV1
75,TEST Cocoa,5,2,10,2020-02-24 12:35:37.788,"25e9ca44-8c05-4247-a780-4620119df65f",,Cancelled,38,MobilePayV1
76,TEST Syrup,4,2,10,2020-02-24 12:35:39.749,"45434629-354b-4503-9511-59f059540f3f",,Cancelled,38,MobilePayV1
77,TEST Tea,3,2,10,2020-02-24 12:35:49.539,"9f3cd087-301c-42b5-b9b8-797144b5785f",,Cancelled,38,MobilePayV1
78,TEST Filter Coffee,1,2,10,2020-02-24 12:35:52.219,"4c8e6676-6267-4528-8c44-6a184283e76a",,Cancelled,38,MobilePayV1
79,TEST Cocoa,5,2,10,2020-02-25 07:47:00.142,d28795ed-3d3d-464b-b046-20a9b25c33d6,,Cancelled,33,MobilePayV1
80,TEST Filter Coffee,1,2,10,2020-09-06 13:36:51.167,"27ec8876-45b1-4511-b11d-dd1bde331b74",,Cancelled,41,MobilePayV1
81,TEST Filter Coffee,1,2,10,2020-09-06 13:50:57.922,"92cccbb3-06d7-486a-bb35-71b03f53b0f2","249E033417638683PH",Completed,41,MobilePayV1
82,TEST Filter Coffee,1,2,10,2020-09-06 14:25:17.574,"97a4e83c-a90a-482c-bbef-2550d774fbf6","002E033418203568PH",Completed,22,MobilePayV1
83,TEST Filter Coffee,1,2,10,2020-09-06 14:46:17.511,"88514133-fe1b-4f16-b5a9-fd34b52a78c9","195E033418482723PH",Completed,42,MobilePayV1
84,TEST Cocoa,5,0,10,2020-09-06 14:55:40.534,"6293455E-F805-42BD-8785-D898E422F6B5",,Completed,42,Voucher
85,TEST Filter Coffee,1,2,10,2022-01-15 14:15:14.174,c18e652e-5160-457b-9096-ba39601e6abe,,Cancelled,44,MobilePayV1
86,TEST Filter Coffee,1,2,10,2022-01-15 14:15:34.085,"8c19397a-5bf7-4a6f-a1c0-5bd9f9474bf3",,Cancelled,44,MobilePayV1
87,TEST Filter Coffee,1,2,10,2022-01-15 14:17:11.975,"81bbacb7-dd84-492b-b5f5-ba08e19673fa",,Cancelled,44,MobilePayV1
88,TEST Filter Coffee,1,2,10,2022-01-15 14:17:34.774,fafd7467-4f79-411c-a5b4-9de68d7dba4d,,Cancelled,44,MobilePayV1
89,TEST Espresso Based,2,2,10,2022-01-15 14:24:30.764,"8f27bad1-f52b-40e1-991d-9b349de3c414",,Cancelled,44,MobilePayV1
90,TEST Syrup,4,2,10,2022-01-15 14:26:29.870,fd0c7e15-e41e-4791-b212-867ae702a2c1,,Cancelled,44,MobilePayV1
91,TEST Syrup,4,2,10,2022-01-15 14:26:32.935,"0ac50e26-ccac-452a-88ad-c830f038dfe5",,Cancelled,44,MobilePayV1
92,TEST Tea,3,2,10,2022-01-15 14:27:03.392,d54ba616-aa0f-4747-9a01-e4b90c8e7296,,Cancelled,44,MobilePayV1
93,TEST Filter Coffee,1,2,10,2022-01-15 14:27:08.555,"88aac1c4-7e10-4c90-b60f-7c831dbeee79",,Cancelled,44,MobilePayV1
94,TEST Espresso Based,2,2,10,2022-01-15 14:27:11.284,"8b6be7c8-4715-4a87-babd-be16cdd6cf21",,Cancelled,44,MobilePayV1
95,TEST Syrup,4,2,10,2022-01-15 14:29:34.771,"6e69403e-e3e7-4f15-bab1-791e6d7ec21a",,Cancelled,44,MobilePayV1
96,TEST Filter Coffee,1,2,10,2022-01-15 14:29:56.086,"5f57c407-d7e1-4ddc-8476-fde28e1da52a",,Cancelled,44,MobilePayV1
97,TEST One Black Coffee,6,2,1,2022-01-15 14:34:46.765,"4eba764b-dd7a-46d0-868f-4c4277fde3ad",,Cancelled,44,MobilePayV1
98,TEST Cocoa,5,2,10,2022-01-15 14:35:15.430,"16b3b0d3-0f23-4bae-8223-d5747df7df1e",,Cancelled,44,MobilePayV1
99,TEST Filter Coffee,1,2,10,2022-01-15 15:57:44.614,"523b0eb3-6cbf-4902-b47b-6328a0b5eb0b",,Cancelled,44,MobilePayV1
100,TEST Espresso Based,2,2,10,2022-01-15 16:40:30.480,"74618af5-1972-4ed3-bb60-ee76f2ea743b",,Cancelled,44,MobilePayV1
101,TEST Espresso Based,2,2,10,2022-05-19 22:38:11.144,"29f46ee5-d7b8-42ec-912c-1238970dd45c",bfd414cb-f93f-4271-b2c6-1a7c06be3711,Cancelled,55,MobilePayV2
102,TEST Filter Coffee,1,2,10,2022-05-20 07:17:50.509,b04060c7-b89f-4a31-ad21-4f1b221dc221,"09ad2334-c321-4e31-ae84-14f56fe74ba2",Completed,22,MobilePayV2
103,TEST Cocoa,5,2,10,2022-05-25 07:56:12.184,b49320c2-e36a-4382-b8e9-0ed1487f1b98,cce17610-62ef-4376-a897-b2c5b688ef4c,Completed,55,MobilePayV2
104,TEST Espresso Based,2,2,10,2022-05-25 07:56:41.482,"0d4f482b-9edc-4f15-8909-d3efd630e329","571a9f93-8765-4487-9b7f-55429685d821",Completed,55,MobilePayV2
105,TEST One Black Coffee,6,2,1,2022-05-29 21:55:04.024,"5b6516fc-cf11-42fd-863a-46e4dd83a124",ae3c526e-858c-4e0b-ae8f-60a544964e0f,Cancelled,22,MobilePayV2
106,TEST One Black Coffee,6,2,1,2022-05-29 21:55:36.932,"43d1fcc4-292b-4d86-9259-69342dcae1de","49a254f3-68b0-4824-aa61-5dd28d8c3489",Completed,22,MobilePayV2
107,TEST One Black Coffee,6,2,1,2022-05-30 22:24:55.484,"71475015-6fed-4664-8475-7f6461241376",f96979ff-26d3-4faf-bdb6-9ba829ac37fe,Cancelled,22,MobilePayV2
108,TEST One Black Coffee,6,2,1,2022-05-30 22:56:03.524,beb23553-78d7-4991-a7f0-b26ce8bc1f5d,"886091e6-ee8f-412d-9055-8440cf3ee0aa",Completed,22,MobilePayV2
109,TEST One Black Coffee,6,2,1,2022-05-31 22:38:48.231,bfdde80e-6896-407b-a48f-2a69e694b79a,febae6ad-6152-46da-86e9-02c10a6026f4,Completed,22,MobilePayV2
110,TEST One Black Coffee,6,2,1,2022-06-01 19:27:16.962,"85e5005b-87a6-469a-9f73-5683e9366388",bf02e7eb-28cb-4bb4-8136-fcb15f5d38be,Completed,22,MobilePayV2
111,TEST Espresso Based,2,2,10,2022-06-01 20:40:23.842,"7ffefc08-b59a-4c1e-9930-4c1d44d7c9f2","8e94f2ef-8c1c-4843-ab72-e4a69afedf50",Completed,22,MobilePayV2
112,TEST One Black Coffee,6,2,1,2022-06-01 21:48:41.102,b2ec96ea-0217-47b1-a832-3a6f32990dc2,dba94a9c-e56d-4e82-a9b4-a26ab2f69700,Completed,22,MobilePayV2
113,TEST One Black Coffee,6,2,1,2022-06-01 21:48:59.209,b3f03c20-94ef-4109-8443-add1e5c672ee,fd189571-23f6-4e65-8b16-214afa02ea2c,Completed,22,MobilePayV2
114,TEST Filter Coffee,1,2,10,2022-06-03 08:41:00.261,"20079207-97d7-49a0-b8d8-b609980922f9","05f91c78-dfac-4031-af8b-432babf6c440",Completed,44,MobilePayV2
115,TEST One Black Coffee,6,2,1,2022-06-05 12:40:41.295,"9bad467d-aeea-49a0-adc0-b3ca695ccbb7",a6fcd006-b8d4-4e53-ac3d-1def2feb06ac,Completed,33,MobilePayV2
116,TEST Filter Coffee,1,2,10,2022-06-05 18:32:18.974,"7c229460-f96b-4c4c-bbdf-3938a6512cda","615de680-c491-4ca5-b54a-260b81272c52",Completed,33,MobilePayV2
117,TEST Filter Coffee,1,2,10,2022-08-06 10:27:02.894,c1fc21d9-65a9-4bfe-8815-a4da181c571a,"6a9127d7-28ee-4056-99ce-e6024ffaf518",Cancelled,64,MobilePayV2
118,TEST Filter Coffee,1,2,10,2022-08-06 10:29:45.152,"9faaf650-d655-423a-81ac-81a3a56d57c8","8256de9c-52e3-4a56-a4a8-a6643d76bf0f",Cancelled,64,MobilePayV2
119,TEST Filter Coffee,1,2,10,2022-08-06 10:30:03.532,"669ff81a-1052-4b79-a253-e6a419b3e616","299a6197-3845-42d4-8612-41e084e63e19",Cancelled,64,MobilePayV2
120,TEST Filter Coffee,1,2,10,2022-08-18 15:57:31.363,ca4fc102-3b3d-4eb2-acff-37ae3f9e74a9,d4282750-3889-4917-80da-123d641e2d72,Cancelled,65,MobilePayV2
121,TEST Filter Coffee,1,2,10,2022-08-18 16:17:17.974,"8ce2d160-a2d0-414f-9cde-3e1ce8b04144",b5638efe-4fef-4609-b2f0-bde1d49df6f1,Cancelled,65,MobilePayV2
122,TEST Filter Coffee,1,2,10,2022-08-18 16:18:12.640,"9c46bdc1-7298-43d9-95f6-0b1620371b89","2c27345b-622c-4239-ace3-440250b1d7b5",Cancelled,65,MobilePayV2
123,TEST Filter Coffee,1,2,10,2022-08-18 16:23:50.145,"22e137eb-27da-4f4e-aa61-aa30f9b54823",ebb65e40-7c5e-4ccc-b999-74ba5b85d0b3,Completed,65,MobilePayV2
124,TEST Filter Coffee,1,2,10,2022-08-18 16:24:35.862,"04de73fa-28b3-44a1-9c2b-b1b483d9e703","4c44a60a-0cc8-4b8b-bc27-9fddb6526294",Cancelled,44,MobilePayV2
125,TEST Filter Coffee,1,2,10,2022-08-18 16:26:21.470,"372329c1-2da0-43af-b555-888a36cd22c6","18a16aa8-61cf-48b1-b215-f07d7003d516",Cancelled,65,MobilePayV2
126,TEST Filter Coffee,1,2,10,2022-08-18 16:36:09.201,"40cb881c-b0b5-4d29-8fab-83c304d4d64b",a2669d1a-6810-4255-9039-340c5b7170c1,Completed,65,MobilePayV2
127,TEST Filter Coffee,1,2,10,2022-08-18 16:38:45.998,"30b8f528-2fc2-40c0-9722-2e35b0c95297",a7054381-cf89-4b92-92d6-2783b70dd0bf,Cancelled,44,MobilePayV2
128,TEST Filter Coffee,1,2,10,2022-08-18 16:41:46.597,b35b5b95-1429-42a9-9727-b32859e32818,b8a155b0-e269-4579-a4d1-e2777648a1e9,Cancelled,44,MobilePayV2
129,TEST Filter Coffee,1,2,10,2022-08-18 18:07:21.634,a69bc855-0a7f-40f9-9f15-ef171e1bfca0,"2814b4d8-9f15-4ce7-80e3-ebae190191bd",Completed,44,MobilePayV2
130,TEST One Black Coffee,6,2,1,2022-08-19 07:24:22.264,"9cbd2603-3126-4cf5-a6f6-fc50c14f0d35",bd983563-44fd-45d3-8ffc-8a6b517ec2d5,Cancelled,55,MobilePayV2
131,TEST Filter Coffee,1,2,10,2022-08-19 07:38:47.861,a2d1627b-7479-4274-b8b8-b884007703c2,ee6be343-e0f3-4ec5-a646-66cdb76bc0ee,Completed,64,MobilePayV2
132,TEST Espresso Based,2,2,10,2022-08-19 10:41:32.537,"81d42d1c-37ce-485f-ba97-6e352aa58c2a","38f1a7fe-6307-4905-b9ce-f6e5dca540e1",Cancelled,55,MobilePayV2
133,TEST Filter Coffee,1,2,10,2022-08-19 14:29:10.322,"3a54a74e-1f64-4442-810f-9f4bb29ac85b","0c532031-3b48-4e91-8011-3d15b01b217a",Cancelled,44,MobilePayV2
134,TEST Espresso Based,2,2,10,2022-08-20 07:20:19.717,"12c00a44-8c55-45b9-a149-109e4948bc8e","6f4d79a5-ad9f-4e3c-bf52-c07da63a18a7",Completed,44,MobilePayV2
135,TEST Fancy Drink,7,0,10,2022-08-21 17:08:02.336,"3D7A112E-2EA9-48A2-A3A8-ADDB9E9D58F0",,Completed,55,Voucher
136,TEST Fancy Drink,7,0,10,2022-08-21 17:17:26.842,"68A47253-7B35-41BB-AA48-FF94B9C5F570",,Completed,55,Voucher
137,TEST Fancy Drink,7,2,10,2022-08-22 06:10:58.123,afab59d7-34e3-487f-9c76-9c2d13354334,"8fbd5583-4a9e-48d7-ba07-27decbaee273",Cancelled,55,MobilePayV2
138,TEST Filter Coffee,1,2,10,2022-08-22 11:07:11.191,"3d8bfb2a-a70f-4f66-beb3-47c34514adcc",a5df5222-efbe-49e3-8bde-48303efa6cfc,Completed,44,MobilePayV2
139,TEST One Black Coffee,6,2,1,2022-08-22 11:07:55.525,"0090a407-ffeb-4b91-9746-53def291f83e","8d467c38-745d-447c-a49b-69e381943f73",Completed,44,MobilePayV2
140,TEST Filter Coffee,1,2,10,2022-08-22 11:08:08.779,"45993da9-8e33-4242-a9f1-75c4dc478843","3562d592-2beb-4c37-9b01-2bfb90245cc7",Completed,44,MobilePayV2
141,TEST Filter Coffee,1,2,10,2022-08-22 11:12:38.342,e5504528-0e04-4b0d-9a65-3a32191b5754,bb762117-d9fd-4275-8d8f-5f1375877faa,Completed,44,MobilePayV2
142,TEST Filter Coffee,1,2,10,2022-08-23 08:51:57.130,"3c8aadc4-08db-403e-b991-88479dd7bc08","02f41e73-2ba5-45c0-9181-583eee983c07",Completed,44,MobilePayV2
143,TEST Fancy Drink,7,0,10,2022-08-26 06:37:32.071,AC8BA590-4084-4E23-9620-895536CDF8D2,,Completed,55,Voucher
144,TEST Fancy Drink,7,0,10,2022-08-26 06:37:46.889,"6C2CA804-7C09-436A-85C6-36DF15D853EB",,Completed,55,Voucher
145,TEST Fancy Drink,7,0,10,2022-08-26 07:14:07.604,F470F095-86E2-4B13-BA70-F7C13FE84378,,Completed,55,Voucher
146,TEST One Black Coffee,6,2,1,2022-09-04 22:34:01.766,"84d26079-81b1-4903-be86-fbca26811179","8f0071ff-dd29-4557-bc85-deb128804b84",Completed,64,MobilePayV2
147,TEST Filter Coffee,1,2,10,2022-10-11 15:59:02.213,bebc4b69-eca1-4c02-88ef-618b033ae883,ca039f7b-5cc7-4fbe-a2d9-a74c93f88ecf,Cancelled,69,MobilePayV2
148,TEST Filter Coffee,1,2,10,2022-10-11 16:00:33.835,"07a7956f-22b9-49da-b479-9b3129410e96","14f0b63d-7dbf-48f5-a6cc-1b5b59c7c4ea",Cancelled,69,MobilePayV2
149,TEST Fancy Drink,7,2,10,2022-10-11 16:00:52.229,"67e838e4-fc77-4a34-a02c-391565d99f33","8f5b20a0-8f4f-407e-af2a-9ac1152bc7a4",Cancelled,67,MobilePayV2
150,TEST Filter Coffee,1,2,10,2022-10-11 16:05:12.006,"9b7b2ba0-52dc-4eda-8e1b-1898493ee44d","64104616-5cd7-4149-8188-15ab1e724277",Cancelled,69,MobilePayV2
151,TEST Filter Coffee,1,2,10,2022-10-11 16:07:47.492,ddcb43a5-483a-4a66-96c3-1b263bd0ed25,a99fd81a-cef9-4d07-99e4-323b9d8d02ad,Cancelled,67,MobilePayV2
152,TEST Filter Coffee,1,2,10,2022-10-11 16:10:03.499,fa4797b2-84fd-4cf2-8afd-616d98ea2268,"4822298c-e620-46b2-872a-9220fbfa8b57",Cancelled,69,MobilePayV2
153,TEST Filter Coffee,1,2,10,2022-10-11 16:11:13.306,"59a8b7be-6fad-4a4a-be86-e76f1b9dc09e","02e2cac1-b133-41b3-8916-3dc57a2cf257",Cancelled,44,MobilePayV2
154,TEST Filter Coffee,1,2,10,2022-10-11 16:14:29.922,"67366409-31f0-4794-99df-634a8b7e5bba",cfe05878-57bd-4ea1-bf69-4d77dc846b4b,Cancelled,69,MobilePayV2
155,TEST Filter Coffee,1,2,10,2022-10-11 16:17:50.373,c644b4e3-d42c-4015-8032-7c1892e14307,"1b6bdfd6-2983-439b-bd99-6d1d03feb3a6",Cancelled,69,MobilePayV2
156,TEST Filter Coffee,1,2,10,2022-10-11 16:25:37.409,"6b3fd2a3-8b55-42d7-8ebb-d6ba09d6c41b","4446d404-b13f-4959-a55f-93d37141daae",Cancelled,67,MobilePayV2
157,TEST Filter Coffee,1,2,10,2022-10-11 16:32:48.384,d0c46229-741b-4e81-a1e4-ab8936db8cfa,ace11d02-63be-4d41-a353-fbf9a8d1eac2,Cancelled,69,MobilePayV2
158,TEST Fancy Drink,7,2,10,2022-10-11 16:34:39.581,"9874ebc9-01b7-4546-a531-780f606c949a","8ccb1332-776a-4112-98d9-fbd67b2ccbb6",Cancelled,67,MobilePayV2
159,TEST Tea,3,2,10,2022-10-11 16:35:42.305,"4d78250a-942c-4416-b437-5b4dab9feba4",ec193807-ca80-498b-93c0-1fe2087bc5c6,Cancelled,69,MobilePayV2
160,TEST Fancy Drink,7,2,10,2022-10-11 17:18:31.766,dca708c5-d03b-427f-b113-9434f5120d03,"95b6f2bb-4d2b-4f9a-b781-da36fba4969e",Cancelled,67,MobilePayV2
161,TEST Filter Coffee,1,2,10,2022-10-12 20:14:25.058,d904db16-0fc6-4573-8d61-f6e1976128d1,"84449124-d4e0-41d6-ac3f-e6f42e7bf1de",Completed,65,MobilePayV2
162,TEST Filter Coffee,1,2,10,2022-10-13 13:57:18.587,b4d5b2c7-fc3b-4b3e-9ea8-6612c5096fec,"7b4eb502-f349-45ad-86b2-ebe04d60ef00",Completed,44,MobilePayV2
163,TEST Fancy Drink,7,2,10,2022-10-18 14:31:50.877,"007ce3b9-40d9-4fec-b667-ec2a611f82c9",fab8978b-d85e-4ac4-9358-36f261d29179,Cancelled,67,MobilePayV2
164,TEST Fancy Drink,7,2,10,2022-10-18 14:36:01.761,"65f9b0e9-219c-4543-91ff-ed55dcc437b7",d26a5da2-cb42-4b39-923f-91d4c023b2fd,Cancelled,67,MobilePayV2
165,TEST Tea,3,2,10,2022-10-18 14:37:58.011,"7557046d-a935-457d-aa8d-133efdcbf53f","4367a6ce-f663-4fe3-954e-b8bb90578de0",PendingPayment,67,MobilePayV2
166,TEST Fancy Drink,7,2,10,2022-10-18 17:28:05.691,"66f7c69d-0fc4-4a39-bf3b-d6ba5d413ae5","1525da56-43a3-4631-9a6a-1bda83505697",PendingPayment,67,MobilePayV2
167,Test Barista Filter Coffee,8,0,1,2022-10-20 14:47:27.688,"62A01D28-8107-4955-BAD9-BDFC006839F2",,Completed,65,PointOfSale
169,Test Barista Filter Coffee,8,0,1,2022-10-20 15:49:05.933,f516aacb-1247-42d3-b5d0-ac519bcd95a9,Barista perk - App,Completed,65,MobilePayV1
170,Test Barista Filter Coffee,8,0,1,2022-10-20 15:49:36.467,"3479809d-193c-4c94-b848-8153f1aed2a5",Barista perk - App,Completed,65,MobilePayV1
171,Test Barista Filter Coffee,8,0,1,2022-10-20 15:50:20.377,"59a91b41-521e-4572-a851-57547a849e5b",Barista perk - App,Completed,65,MobilePayV1
172,Test Barista Filter Coffee,8,0,1,2022-10-20 20:16:36.764,faccdc39-22d8-4203-a65c-6f8e1151e901,Barista perk - App,Completed,65,MobilePayV1
173,TEST Filter Coffee,1,2,10,2022-11-01 15:52:18.064,"6b74025d-82cc-43dd-ab26-a328abeb32cb",fb4989a9-7aaa-4c11-9b67-9739d2a70173,Completed,69,MobilePayV2
174,TEST One Black Coffee,6,2,1,2022-11-03 10:01:33.569,b31d8a74-c7c9-44f8-9e4d-72b6a24ee965,"912aa00c-8846-4c90-898e-72ddd505ab83",Cancelled,66,MobilePayV2
175,TEST One Black Coffee,6,0,1,2022-11-08 16:35:27.650,"812EB33D-8EB9-4986-9D52-AD7490B9B8E1",,Completed,67,Voucher
176,Test Barista Filter Coffee,8,0,1,2022-11-09 09:49:57.966,bd851263-e8cd-426a-818d-6752ac6cb0e2,Free product - App,Completed,72,MobilePayV1
177,TEST Filter Coffee,1,2,10,2022-11-10 10:56:47.722,d15621a9-ac88-45ae-91f7-1e52ebb08220,cb7959da-f675-493e-8615-db90bc3fec6c,Cancelled,65,MobilePayV2
178,TEST Filter Coffee,1,2,10,2022-11-10 10:57:02.257,d1fe86a3-50c1-413d-8e47-93d7d165f82e,"7d8783b5-a666-48fd-bfec-ca625232b5ef",Cancelled,65,MobilePayV2
179,TEST Filter Coffee,1,2,10,2022-11-10 11:02:05.451,"98b1849e-77bf-40f8-862b-a086975aab5c","20a3998f-75ee-4c46-b6f5-f97c2c736401",Cancelled,65,MobilePayV2
180,TEST Filter Coffee,1,2,10,2022-11-10 11:38:06.030,"7ca6d5b5-3b5b-4d80-8fce-9d74a0e7fd0f","1f26ce74-83ac-428b-909d-ca01b52858be",Completed,65,MobilePayV2
181,TEST Filter Coffee,1,2,10,2022-11-10 11:38:40.142,"59a68dbe-7fb6-4b8c-b4be-f68439f09cb5","3cd6ae36-a612-48ac-9fdb-cf785c8ffc25",Completed,65,MobilePayV2
182,TEST Filter Coffee,1,2,10,2022-11-10 11:57:23.441,cc7892a2-1b45-4a9f-a723-48c43e91ba31,"1e64836f-06e1-4bfd-8dd8-8e3ca8c6d103",Completed,65,MobilePayV2
183,TEST Filter Coffee,1,2,10,2022-11-10 11:57:48.123,d6e91590-2490-4969-abd5-caf0da541c90,"594aead6-fa03-4cf4-940f-d8ae711fedef",Completed,65,MobilePayV2
184,TEST Filter Coffee,1,2,10,2022-11-10 12:15:10.342,c1a3c574-6b90-431a-8248-df0bd6ef0655,"058ac4e9-d859-40c7-b12d-4cd66e62d157",Completed,65,MobilePayV2
185,TEST Filter Coffee,1,2,10,2022-11-16 10:05:13.996,b53d956b-3d32-4937-8728-b83271e87d92,dcbd55fa-f067-4249-bc47-267f1cb2f265,Completed,65,MobilePayV2
186,TEST Fancy Drink,7,2,10,2022-11-17 17:00:30.244,"7670e362-4218-4fbe-80ea-2b867a7900a4",a68a31a2-be01-4261-995e-ba138978f986,Completed,55,MobilePayV2
187,TEST Tea,3,2,10,2022-11-17 17:01:09.864,"12325d70-5426-426c-a1b3-c25eeeff3087",e572458b-de9c-4cf2-aa0b-c208c0eecdce,Completed,55,MobilePayV2
188,TEST One Black Coffee,6,2,1,2022-11-19 21:06:08.169,"1461e59f-9080-4965-b630-ca8c1e961aee","019a9a70-d078-4c66-8346-2b4f60b54163",Cancelled,55,MobilePayV2
189,TEST One Black Coffee,6,2,1,2022-11-20 10:54:04.849,"1180cc27-20b6-4424-90a8-289eed577bc0","32363802-61c0-474c-8fa9-e50352e3023c",Completed,55,MobilePayV2
190,TEST Filter Coffee,1,2,10,2022-11-20 16:57:53.275,"8cfca5d1-1d6d-4006-bc1b-1aeaeed7947e","4d63ffd0-78d4-4535-88b8-f617a345649e",Completed,65,MobilePayV2
191,TEST Filter Coffee,1,2,10,2022-11-21 08:19:14.819,a4ebe862-79aa-4235-8db7-83a676c55094,f2394a7c-6068-4958-9d94-54631910c65d,Cancelled,64,MobilePayV2
192,TEST Filter Coffee,1,2,10,2022-11-21 18:12:36.014,"602826c6-e7b8-4387-a9f9-a61ef1967371","6a3a396b-65da-49c0-9def-e9a156ccf33b",Cancelled,64,MobilePayV2
193,TEST Filter Coffee,1,2,10,2022-11-22 15:42:32.391,"6d4df33f-0140-4e88-8117-34ae19d04745","7b53b759-a063-442d-ae65-d846033945a8",Completed,44,MobilePayV2
194,TEST Filter Coffee,1,2,10,2022-11-22 15:51:19.469,"638925bf-2b72-4176-87c1-1c8febe78d89","80699abc-8388-47fc-b665-428b251afb2d",Completed,44,MobilePayV2
195,TEST Filter Coffee,1,2,10,2022-11-22 15:59:58.371,"7b628e2b-020c-4507-adf3-02523403b25b","9d7cdbf2-0721-449d-9f43-f5a75ecfe7e9",Cancelled,44,MobilePayV2
196,TEST Filter Coffee,1,2,10,2022-11-22 16:02:39.482,"83b9a214-2616-4bff-83d7-25d6587e83c6","07db3542-fabc-4c54-b96a-16a80ea09cc8",Completed,65,MobilePayV2
197,TEST Filter Coffee,1,2,10,2022-11-22 16:02:54.823,"3b0fcba4-c1c9-4b15-a837-a38b406ccdc5","05c01a76-f1e0-463a-b686-f2f05fb62df0",Completed,44,MobilePayV2
198,TEST Tea,3,2,10,2022-11-22 16:03:40.948,"09bde1b8-4682-408f-8448-1cd1b01dd374",eac72abf-f3d3-490d-9bbd-51248cb2a6c1,Completed,44,MobilePayV2
199,TEST Filter Coffee,1,2,10,2022-11-22 16:12:22.956,"19839ca1-fb11-4ac2-bada-e044cba4b38c","11a64d77-8948-4bbc-b40d-7ff0fafd7f55",Completed,44,MobilePayV2
200,TEST Filter Coffee,1,2,10,2022-11-22 21:17:39.134,"7745e299-9412-4797-9ea7-174f6312832e",b6e6db34-4d2c-451a-9026-91837e510f20,Completed,65,MobilePayV2
201,TEST Filter Coffee,1,2,10,2022-11-22 21:22:37.202,"5d9f07b1-bcfe-46fa-818a-2510d7cfc56d",bd70edc2-8ee3-4e70-9ff4-4d4bef5c3527,Completed,65,MobilePayV2
202,TEST Filter Coffee,1,2,10,2022-11-22 21:25:46.768,e10891cd-ca1a-40d4-b7f8-3321078162bb,f77c2121-d775-4bb6-a422-b564671a1655,Completed,65,MobilePayV2
203,TEST Filter Coffee,1,2,10,2022-11-22 21:38:22.432,ca46a59c-ec52-4136-9be6-e4e384be5e57,"2e4c91a3-5abc-4d76-9b3c-4f12ac094295",Completed,65,MobilePayV2
204,TEST Filter Coffee,1,2,10,2022-11-22 21:41:03.401,a52831d0-62ad-4c92-8642-297b4c546732,"2c5f1ccf-fff1-4c62-bb8f-59519c03d3da",Completed,65,MobilePayV2
205,TEST Tea,3,2,10,2022-11-23 06:51:19.202,"543da62f-40e4-4f1b-a08f-f257c04bee51","28999043-c55b-49ab-8eeb-c717a2deb570",Cancelled,55,MobilePayV2
206,TEST One Black Coffee,6,2,1,2022-11-23 11:19:24.426,ef59037b-9243-4f50-9111-3220098de0dc,a543fae7-f8bd-4e3f-8591-fb51622c6084,Cancelled,64,MobilePayV2
207,TEST Tea,3,2,10,2022-11-23 11:20:07.973,"5621ece7-e7cd-4478-a339-daf649171d37",e7b66ec6-f017-4b34-b20a-ad97ee25e6cc,Cancelled,64,MobilePayV2
208,TEST Tea,3,2,10,2022-11-24 13:10:00.262,"00b714af-5484-44cc-b41e-1730bce7bb82","295fd57c-6520-4ff3-9a8b-5dcfbbbe197c",Completed,66,MobilePayV2
209,TEST Fancy Drink,7,2,10,2022-11-24 13:17:41.413,"10950651-15da-4d8c-943a-11af03e27af8",fa126e9b-e0c1-4311-8ef1-2d95b0ab185f,Completed,55,MobilePayV2
210,TEST Fancy Drink,7,2,10,2022-11-24 13:17:56.867,"07345125-c482-4f0b-beac-f41d77c672d5","8eecd2d1-cd93-4fac-89ec-57209e3c44a5",Completed,55,MobilePayV2
211,TEST Fancy Drink,7,2,10,2022-11-24 13:18:34.729,e88b4ba3-7f7e-412e-a4be-da7aaf437d37,"9ebf7cd4-bd39-4026-8a02-452f8248256e",Completed,55,MobilePayV2
212,TEST Fancy Drink,7,2,10,2022-11-24 13:22:39.706,f5d3176a-f0a3-4631-90dd-73435e54ba72,"117f3f46-e002-4b12-bf48-2f8f939944a4",Completed,55,MobilePayV2
213,TEST Fancy Drink,7,2,10,2022-11-24 13:22:55.337,"5a3e1f33-a678-4b1e-b68d-1b1d0c7810b6","119d40bf-0c8a-44f5-810b-88896b7acbf6",Completed,55,MobilePayV2
214,TEST Fancy Drink,7,2,10,2022-11-24 13:23:10.990,"9d4bdea0-5e82-4872-a21a-444fd3197d9d","875baf36-5b58-491a-afcc-6fed51ebf7a5",Completed,55,MobilePayV2
215,TEST Fancy Drink,7,2,10,2022-11-24 13:23:23.535,"6f806570-092f-43ca-8c23-d552d7f588d5","92ea7195-23f5-47e6-ac6c-f8f5ecd714cb",Completed,55,MobilePayV2
216,TEST Fancy Drink,7,2,10,2022-11-24 13:23:33.638,"8712dad0-8130-4c6f-8f52-43c10b722f2d",eb435756-be0c-47cc-98ad-7667893afbd3,Completed,55,MobilePayV2
217,TEST Fancy Drink,7,2,10,2022-11-24 13:23:44.870,edc344d1-085f-407a-a9d4-7166eb6e6e5b,"1a3ad95b-7cdd-4019-b095-22f2e2169488",Completed,55,MobilePayV2
218,TEST Fancy Drink,7,2,10,2022-11-24 13:23:58.695,"868c2e0a-ffe5-4ec6-a7ce-80114884e217",d1e92d21-8ef4-4e98-8cc5-0f4d46b68099,Completed,55,MobilePayV2
219,TEST Fancy Drink,7,2,10,2022-11-24 13:24:11.744,e5d7ba41-67a6-4bff-9069-34bf31034c05,"60f00070-4a8b-4a26-9186-e17a60f021ef",Completed,55,MobilePayV2
220,TEST Fancy Drink,7,2,10,2022-11-24 13:24:23.723,aa245feb-3876-4c70-8d9a-4a4e16856a76,"060f0a3e-a699-48a2-b801-8b1130f7ce16",Completed,55,MobilePayV2
221,TEST Fancy Drink,7,2,10,2022-11-24 13:24:38.620,"1f942996-c7aa-4cdb-be13-1aa110961c66",dd88820d-3375-4bec-9f17-5b5c21c4f5d5,Completed,55,MobilePayV2
222,TEST Fancy Drink,7,2,10,2022-11-24 13:25:17.397,"1276f49d-bd68-4dbf-97c6-a30f816f1fe5",dbe0ddd8-421b-4720-b3ad-4beb43b937f0,Cancelled,55,MobilePayV2
223,TEST Fancy Drink,7,2,10,2022-11-24 13:29:36.313,"2ab804a8-32ec-4eca-998a-89fdb7fda7f2",caba7ec6-d9a8-41a3-a04c-9d5d91b16b13,Completed,55,MobilePayV2
224,TEST Fancy Drink,7,2,10,2022-11-24 13:29:54.764,"934b61d0-7e72-4a9e-9cb9-61ef21c5d703","4813a478-0575-4dcf-9f67-81d2e668f520",Cancelled,55,MobilePayV2
225,TEST Fancy Drink,7,2,10,2022-11-24 13:30:42.727,cb65e33d-d678-48be-8889-0dd7ba926aa0,"4cd74827-318c-4e82-b485-cc197e0de366",Completed,55,MobilePayV2
226,TEST Fancy Drink,7,2,10,2022-11-24 13:30:57.265,c721802d-48a6-4f4b-b4f6-6c151a8b767f,"56267dde-cf9c-4559-bc8c-88911af8bce1",Completed,55,MobilePayV2
227,TEST Fancy Drink,7,2,10,2022-11-24 13:31:08.492,"5178b683-0ff4-4763-b913-6eceb214fceb",ab9d1141-c3fa-4166-a9ff-983f506e6e11,Completed,55,MobilePayV2
228,TEST Fancy Drink,7,2,10,2022-11-24 13:31:20.424,c70b3226-c115-4ccf-b14b-02e8260316ba,"58b1cdd3-ce9c-4dc4-b6a1-3142032015a8",Completed,55,MobilePayV2
229,TEST Fancy Drink,7,2,10,2022-11-24 13:31:31.560,"0dccf720-0ab4-48f6-8355-bd3ac240a363","1b8c4127-003d-4fee-8737-1b510dbcbd7a",Completed,55,MobilePayV2
230,TEST Fancy Drink,7,2,10,2022-11-24 13:31:41.533,bf25501c-70b6-4989-9e86-fe404c98d524,"7b1cd5c2-5c88-408e-8ce3-03dcf6cd3861",Completed,55,MobilePayV2
231,TEST Fancy Drink,7,2,10,2022-11-24 13:31:51.967,a1c92cdf-c3c3-41bf-8e7c-9f958ce67c51,"81a0eeea-cd66-42f4-bb9c-ba0064987514",Completed,55,MobilePayV2
232,TEST Fancy Drink,7,2,10,2022-11-24 13:32:02.448,ef579091-2fd3-447e-89c6-64a89cafc79d,f29966e2-ad06-490a-9e8e-8a57e38d27a4,Completed,55,MobilePayV2
233,TEST Fancy Drink,7,2,10,2022-11-24 13:32:14.169,"010994b1-29c7-4e6f-929c-d2c468a96509","50be4fd3-0b83-4741-b757-9b4fd2e723ac",Completed,55,MobilePayV2
234,TEST Fancy Drink,7,2,10,2022-11-24 13:32:26.353,"958387f9-8973-436f-ac3f-57559d588df5","63a8bf2a-3cc1-4e72-8842-cd2294c449ba",Completed,55,MobilePayV2
235,TEST Fancy Drink,7,2,10,2022-11-24 13:36:16.113,"83cec354-7134-4029-9850-4c156a35ac4f",de88f4a8-0953-4d00-89d6-0fce97ef85f8,Completed,55,MobilePayV2
236,TEST Fancy Drink,7,2,10,2022-11-24 13:36:32.573,"2318987e-1be3-4ca6-aa7f-ac05df0ae04c","55f8c77e-af71-4586-8e05-b6794039a4b7",Completed,55,MobilePayV2
237,TEST Fancy Drink,7,2,10,2022-11-24 13:36:44.961,"850bba59-276b-40f4-b751-d749aef0ca9d","67f730b9-0466-4cac-86a6-3b5cc3ad760a",Completed,55,MobilePayV2
238,TEST Fancy Drink,7,2,10,2022-11-24 13:37:08.817,b141adf2-9ca9-4246-a7c8-39a00dc7b4e6,f7345b34-468a-4735-a18d-5efd3bbb3b08,Completed,55,MobilePayV2
239,TEST Fancy Drink,7,2,10,2022-11-24 13:37:19.861,"08c6e11c-2352-4413-980b-3a5391a873f8",fe7fd7fb-66e0-483d-8358-45513a35b717,Cancelled,55,MobilePayV2
240,TEST Fancy Drink,7,2,10,2022-11-24 13:42:39.850,"4223811e-81b5-43a1-a4ea-bcde67c1dc1f","06793446-3319-4b20-93f4-c5a7a864c3d1",Cancelled,55,MobilePayV2
241,TEST Fancy Drink,7,2,10,2022-11-24 13:42:52.087,bc534b42-3e38-4a0d-99ca-e28f706ecc7f,e629113d-149b-450e-ba95-260300fbce0e,Completed,55,MobilePayV2
242,TEST Fancy Drink,7,2,10,2022-11-24 13:43:06.846,"6a4626a7-9805-4e34-9ecf-e04713b87942",f075fc80-e5ca-4079-bc7e-b8dfa9957ef3,Completed,55,MobilePayV2
243,TEST Fancy Drink,7,2,10,2022-11-24 13:43:17.518,a151c4c4-7123-433e-8bac-83dc38f2cb86,"2a47eb4a-3920-4d3f-9c38-b68703ba0662",Completed,55,MobilePayV2
244,TEST Fancy Drink,7,2,10,2022-11-24 13:43:26.441,"2e774a35-261f-4dc7-872c-70025ae57ec9","19dee950-7e33-4e8c-a812-d112926f691d",Completed,55,MobilePayV2
245,TEST Filter Coffee,1,2,10,2022-12-20 16:39:37.733,df21b846-e798-43a4-9a05-42352644682e,"9acbb8e8-3fc9-4868-a372-4dabe49c02bd",Cancelled,67,MobilePayV2
246,TEST Filter Coffee,1,2,10,2022-12-20 16:43:29.428,aedc65aa-637e-4d5e-8f9e-3cd96ed565a0,"599d471d-ea88-446e-b5a1-458f819fefd7",Completed,67,MobilePayV2
247,TEST Filter Coffee,1,2,10,2022-12-20 17:20:31.286,"67eb11b6-c488-4a8a-a632-7cbe50e1ab0e","3b3cac85-4d15-41bc-9d1b-e242d309e6bf",Cancelled,67,MobilePayV2
248,TEST Filter Coffee,1,2,10,2022-12-20 17:20:48.772,"6c2269c0-c5d3-426b-b4cd-2bdfa6afe901","94ac6c86-9091-4247-be75-f159fb223967",Cancelled,67,MobilePayV2
249,TEST Tea,3,2,10,2022-12-20 17:21:06.731,abbf781e-0937-4786-b48e-f5e4d09f2dde,"299845c0-9abc-45f3-ad74-5617d35d2c47",Cancelled,67,MobilePayV2
250,TEST Filter Coffee,1,2,10,2022-12-20 17:22:21.336,"47511bdb-0bbc-46c5-a44c-c07e3b16c39f","555f08c1-e19f-43c5-8527-0b525a0f8971",Cancelled,67,MobilePayV2
251,TEST Tea,3,2,10,2022-12-20 17:23:54.107,"881906f9-f7ad-423b-a7f3-c0a1eb66726e","3d64fcdf-93e9-4cfe-9aba-710938df3268",Cancelled,67,MobilePayV2
252,TEST Filter Coffee,1,2,10,2022-12-20 17:28:41.382,"564313b3-371e-4156-894d-e1b66204f212","3c7fe971-fb09-45f2-aae8-bf8e476a58bc",Cancelled,67,MobilePayV2
253,TEST Tea,3,2,10,2022-12-20 17:29:43.694,b7433a46-5155-474f-a771-f2de46485877,"09f59a4c-10a8-4f79-9081-033ac1adcb9e",Cancelled,67,MobilePayV2
254,TEST Tea,3,2,10,2022-12-20 17:30:39.278,b01cc7a5-cb84-4a3e-8dd6-66ecdc456217,d0865644-4fbd-4373-80f7-68b0a585b6f5,Cancelled,67,MobilePayV2
255,TEST Filter Coffee,1,2,10,2022-12-20 17:31:15.871,"701c1c66-d769-4bb5-b781-7e599205bdd3","725663ba-af99-47ce-a15b-c6837a24af02",Cancelled,67,MobilePayV2
256,TEST Tea,3,2,10,2022-12-20 17:59:21.563,"1fc17918-b491-42b5-8a9e-ea2812d99301","9cc364b9-1e7b-458f-8382-11d532e7cc29",Cancelled,67,MobilePayV2
257,TEST Tea,3,2,10,2022-12-20 18:29:06.215,"4f51f9e8-57b8-402c-8f6c-eb51d2fecf1f","56caa74b-28b5-4a09-9613-40acaa172ccb",Cancelled,67,MobilePayV2
258,TEST Filter Coffee,1,2,10,2022-12-20 18:36:55.503,b226c68a-32c1-404e-aae2-405c67141c35,"798015c7-17eb-4619-98eb-a1f257e13aa2",Cancelled,67,MobilePayV2
259,TEST Filter Coffee,1,2,10,2022-12-20 18:37:49.403,"5b00eff8-3f7b-40cc-8471-0ba97bf1d087","31ab1f69-ce5a-43e9-a421-c2cd04d701a6",Cancelled,67,MobilePayV2
260,TEST Tea,3,2,10,2022-12-20 18:43:08.223,"5cfcaec1-ee8e-4097-91e5-27bf3cf4a85c",be693486-40c1-48f1-80c6-4102e3048e2e,Cancelled,67,MobilePayV2
261,TEST Filter Coffee,1,2,10,2022-12-20 18:51:14.628,"2ed14d7f-1150-4c93-9ccf-fa80391ca042",f438cfd6-c496-4687-adff-30f2685b884e,Completed,67,MobilePayV2
262,TEST Fancy Drink,7,2,10,2022-12-20 19:40:46.957,cbe5f0e0-8213-4fa5-a460-12b270a984ef,a0000c9c-7cb3-4103-8be4-0dcc380bf062,Cancelled,44,MobilePayV2
263,TEST Fancy Drink,7,2,10,2022-12-20 19:43:59.154,"1c4581c0-7813-497e-a1d2-a64eb58b4bf7",a18e19fa-7467-4369-976c-199c4a9bf232,Completed,44,MobilePayV2
264,TEST Filter Coffee,1,2,10,2022-12-20 19:45:26.537,f8597fbd-3a9b-4e39-b227-675b6e2ad90e,ad14c106-d74c-495e-a166-90708af43960,Completed,44,MobilePayV2
265,TEST Filter Coffee,1,2,10,2022-12-20 19:47:57.426,bbf90c98-453b-4b35-a6b7-ff3cada7722d,"5f4b9a9e-273d-44a3-97e2-b299d8ffb2af",Completed,44,MobilePayV2
266,TEST Filter Coffee,1,2,10,2022-12-20 20:20:01.709,"06b91465-c728-4aa6-9614-98b4851e6f8a",d21e671a-5b25-488c-95e5-0b73b1fbf8ae,Completed,67,MobilePayV2
267,Test Barista Filter Coffee,8,0,1,2022-12-27 20:44:21.274,"342CEEDF-7550-4451-B20C-86931E64BE66",,Completed,65,Free
268,TEST Filter Coffee,1,2,10,2022-12-27 20:45:19.965,"2b53c445-b34a-4eb3-ba71-71fd866da95b","6f9f3ed3-4f74-451c-9a2a-23352241ea3e",Completed,65,MobilePayV2
269,Test Barista Filter Coffee,8,0,1,2022-12-27 20:45:52.712,"674D9ACE-ADDE-4C73-91BE-6EC6CC8A89C0",,Completed,65,Free
270,Test Barista Filter Coffee,8,0,1,2022-12-27 20:52:36.608,"0018D140-5886-4E84-BA05-6361D0EA4089",,Completed,65,Free
271,Test Barista Filter Coffee,8,0,1,2022-12-27 20:52:43.149,A8BCA180-B06C-4554-8382-3305EAFD7A3D,,Completed,65,Free
272,Test Barista Filter Coffee,8,0,1,2022-12-27 20:54:31.129,EBDD0D66-E631-4ADF-9FFA-F52A492F7FD5,,Completed,65,Free
273,Test Barista Filter Coffee,8,0,1,2022-12-27 21:01:57.718,"0BE9DEAD-4366-49CC-BD5D-5FCFF6A94453",,Completed,65,Free
274,Test Barista Filter Coffee,8,0,1,2022-12-27 21:03:23.507,"2504B39A-8024-46BC-B600-BECBBFA073DF",,Completed,65,Free
275,Test Barista Filter Coffee,8,0,1,2022-12-27 21:03:50.985,"616796E3-0DA9-43D4-8D0E-9450208376F0",,Completed,65,Free
276,Test Barista Filter Coffee,8,0,1,2022-12-27 21:04:00.636,"11492227-3E7B-43CB-B88C-C2CA3A2D8C27",,Completed,65,Free
277,Test Barista Filter Coffee,8,0,1,2022-12-27 21:04:20.042,A311DBFE-FA5C-4883-BD7A-7AB8EAABF085,,Completed,65,Free
278,Test Barista Filter Coffee,8,0,1,2022-12-27 21:50:54.056,EF9AC84F-4012-40F2-BB78-5C09C1C521B2,,Completed,65,Free
279,Test Barista Filter Coffee,8,0,1,2022-12-27 21:51:18.753,"9BC5C8C8-D780-4EA0-BA19-0B0CF9C0BFD5",,Completed,65,Free
280,Test Barista Filter Coffee,8,0,1,2022-12-27 21:56:33.789,BCB23507-2EA0-4ED1-95B9-DF0957DDC289,,Completed,65,Free
281,Test Barista Filter Coffee,8,0,1,2022-12-27 22:20:24.843,"41E9152C-3B77-48C1-82BC-E423E8BF7D1C",,Completed,65,Free
282,Test Barista Filter Coffee,8,0,1,2022-12-27 23:06:08.319,A8BFB0CC-F323-4C73-B41B-9174DECBAD6B,,Completed,65,Free
283,Test Barista Filter Coffee,8,0,1,2022-12-27 23:06:23.028,B6410C3B-563F-4576-AB22-92EFFF738D73,,Completed,65,Free
284,Test Barista Filter Coffee,8,0,1,2023-01-08 17:12:34.829,"9CE5DDC5-C07D-4CA9-B069-FCF354FDB88D",,Completed,65,Free
285,Test Barista Filter Coffee,8,0,1,2023-02-14 14:15:27.144,"950B0A72-1EA6-4827-896C-58361EEF71C1",,Completed,65,Free
286,Test Barista Filter Coffee,8,0,1,2023-02-14 14:26:30.578,"8DF74411-761A-4577-A66E-15036BAA1495",,Completed,65,Free
287,Test Barista Filter Coffee,8,0,1,2023-02-14 14:26:38.781,D8054E9C-55F4-4E8D-9A00-8286EC761DEF,,Completed,65,Free
288,TEST Filter Coffee,1,2,10,2023-02-14 15:42:55.185,"010c7a47-1642-43ee-95f0-94ba02b19054",cca66d9c-a48a-4640-8a2d-ecda503d7be8,Cancelled,73,MobilePayV2
289,Test Barista Filter Coffee,8,0,1,2023-02-14 17:13:02.756,"6C659E67-E152-4810-B8BA-4175EE771C87",,Completed,65,Free
290,Test Barista Filter Coffee,8,0,1,2023-02-14 17:16:16.349,"71557C32-2285-45BE-A8F5-0481E867460C",,Completed,65,Free
291,Test Barista Filter Coffee,8,0,1,2023-02-14 17:16:40.921,"3FD4B084-B3D1-46A0-A911-4CF7170A711C",,Completed,65,Free
292,Test Barista Filter Coffee,8,0,1,2023-02-14 17:42:37.512,"9E12E683-E642-4AC8-A053-F0537AD5C005",,Completed,65,Free
293,TEST Filter Coffee,1,2,10,2023-02-14 19:30:28.044,"5beae93a-7448-409e-af07-49cf516727af","24ba2fc5-a7d3-4599-964c-5ec023d550c6",Cancelled,66,MobilePayV2
294,TEST Tea,3,2,10,2023-02-14 19:34:43.149,aab9bca6-3a4d-41b2-a68f-ddf4075a22ae,"6dbfc69e-0083-424e-9de9-6bbdab39f481",Completed,66,MobilePayV2
295,TEST One Black Coffee,6,2,1,2023-03-18 11:31:52.153,d800f6f9-ff9d-406c-b7b1-1f66f75f0d52,"60ea8fe0-99e6-4bc1-b570-1f375b06d048",Cancelled,5,MobilePayV2
296,Test Barista Filter Coffee,8,0,1,2023-03-18 11:33:34.383,"49B500D4-D059-4F8E-85C4-DFBE33242BD3",,Completed,65,Free
297,Test Barista Filter Coffee,8,0,1,2023-03-18 11:33:42.823,"96FD5B79-9C7E-4B90-A56A-C96C6004C6CE",,Completed,65,Free
298,TEST Filter Coffee,1,2,10,2023-03-18 11:33:47.998,"22f06d4a-cd40-41ca-b4a4-1bfe9b4694ad","6225f468-d4c4-489b-9042-322182008f7c",Cancelled,65,MobilePayV2
299,Test Barista Filter Coffee,8,0,1,2023-03-18 11:36:33.519,E93A1E7B-67DE-4537-803D-56F1048A7D21,,Completed,65,Free
300,TEST Filter Coffee,1,2,10,2023-03-18 11:36:38.962,"02c1abb6-2c48-40f5-9220-0c3c23d49ba5","5211e9f2-a93f-4ee0-9117-2ae70b9a900d",Cancelled,65,MobilePayV2
301,Test Barista Filter Coffee,8,0,1,2023-03-18 11:38:41.282,F4D90D49-460E-4F40-B63B-073689165DFD,,Completed,65,Free
302,Test Barista Filter Coffee,8,0,1,2023-03-18 11:55:49.174,"5C277C13-8F55-4B1D-92B0-84433C3BAB93",,Completed,65,Free
303,TEST Filter Coffee,1,2,10,2023-03-18 11:55:52.786,"31238f09-d9bc-4b9e-960f-f9f337424820",b8862bce-df1a-4346-b2f3-5a47819ffa8c,Cancelled,65,MobilePayV2
304,TEST Filter Coffee,1,2,10,2023-03-18 12:02:16.206,"65637f95-1e8c-478b-9bd2-5e67e72fad33","471686df-2f87-4b99-9401-3daae199b46a",Cancelled,65,MobilePayV2
305,TEST Filter Coffee,1,2,10,2023-03-18 12:04:56.781,ceb4b355-14a2-4978-9a19-a1f2393b2155,de4f42fe-179a-45d4-a8cb-5b2cf94faf06,Cancelled,65,MobilePayV2
306,Test Barista Filter Coffee,8,0,1,2023-03-18 12:06:40.038,"13B4DD91-E8EB-4A3F-BA14-27CF6AD80AC9",,Completed,65,Free
307,TEST Filter Coffee,1,2,10,2023-03-18 12:06:43.881,"804d532e-a759-405e-b746-1c4971a8c335","61171d63-7504-49cf-8074-83de3c70fbee",Cancelled,65,MobilePayV2
308,TEST Filter Coffee,1,2,10,2023-03-18 12:18:29.863,fcb1e714-a356-41c7-93cf-63612026ec0b,b5bdf015-2c08-4896-98bf-9bc37c1a4ce6,Cancelled,65,MobilePayV2
309,TEST Filter Coffee,1,2,10,2023-03-18 13:03:15.240,"48b5dcaa-570d-4d2a-9c5e-4d29b03fcb7e","4f43c41c-10ea-451f-b432-ca454937c224",Cancelled,65,MobilePayV2
310,TEST Filter Coffee,1,2,10,2023-03-18 13:04:21.599,"2ccdcd68-5371-4300-991d-db651c8097dc","5df530e1-6d22-46d4-883d-a9a7e2e7aae2",Completed,65,MobilePayV2
311,TEST Filter Coffee,1,2,10,2023-03-18 13:06:18.443,"5403aa14-ecaf-4ba5-adc4-5389c9a992ff","11b9b9e4-e689-4c69-8622-ef989a5eac10",Cancelled,65,MobilePayV2
312,TEST Filter Coffee,1,2,10,2023-03-18 13:07:00.273,"05978e01-5720-409b-9e02-eae0a22afb04","126b70ab-5695-420f-a197-a027752de41a",Cancelled,65,MobilePayV2
313,TEST Filter Coffee,1,2,10,2023-03-18 13:07:30.860,b4ecb761-f7f7-4fd3-b2a7-3e2353b39852,"43362b38-1336-48af-9b10-5d29216c5c00",Cancelled,65,MobilePayV2
314,TEST Filter Coffee,1,2,10,2023-03-18 13:16:04.901,"5edd2a14-b2fc-4e8e-a358-fb2f5f6b8a82","1ac476bc-e05a-4d81-ac31-8ea9a0780628",Cancelled,65,MobilePayV2
315,TEST Filter Coffee,1,2,10,2023-03-18 13:34:01.155,"5f798a5b-3e3e-4e15-b5db-73eef5aff2ba",e672f7d8-9b58-4118-9191-8be2f486693c,Cancelled,65,MobilePayV2
316,TEST Filter Coffee,1,2,10,2023-03-18 13:36:49.744,d2a91b20-91c0-46a8-8b5c-d21745e582e0,"7fc1c33b-7e8d-4029-92d0-13cdddc2cd49",Cancelled,65,MobilePayV2
317,TEST Filter Coffee,1,2,10,2023-03-18 13:54:04.407,"1c3b39cb-9b92-4d45-9bb7-aa397b4273c9",ad0f0ab0-adf6-4b0e-aa6e-f276108e14f6,Completed,65,MobilePayV2
318,TEST Filter Coffee,1,2,10,2023-03-18 14:00:32.141,"4b37915e-c6dc-43b7-b0f5-42913b90022b","6495b384-7a9d-4b35-b7aa-b9b15ebaa179",Cancelled,65,MobilePayV2
319,TEST Filter Coffee,1,2,10,2023-03-18 15:13:50.584,e413b7a0-f18a-4c73-aab0-ab8e24ea30d0,"91a777a3-bca5-41b9-8e15-3949f1722cc1",Cancelled,65,MobilePayV2
320,TEST Filter Coffee,1,2,10,2023-03-18 15:15:54.576,b6e260e4-d5e7-49b9-80f2-17da4dfb77ce,"80c3a9e5-c1e9-4646-819b-61dc1ce37eba",Cancelled,65,MobilePayV2
321,TEST Filter Coffee,1,2,10,2023-03-18 15:39:03.975,e5187df8-42f3-4e77-b8b2-b9b6b2a0d916,"7e6c0b24-762c-4e03-96a7-ded80588996f",Cancelled,65,MobilePayV2
322,TEST Filter Coffee,1,2,10,2023-03-18 15:40:13.458,"7e0b19dc-0da9-4aa9-8107-5cbc15704aa7",a850b3f4-7da9-4ac7-9eb7-0a2c904d504e,Cancelled,65,MobilePayV2
323,Test Barista Filter Coffee,8,0,1,2023-03-21 16:34:39.186,"5093DDDC-CEC5-4840-B596-BA20B77E4036",,Completed,65,Free
324,Test Barista Filter Coffee,8,0,1,2023-03-21 16:39:18.682,"532EC659-0534-4DEC-BBD5-4DBA65AE3817",,Completed,65,Free
325,TEST Filter Coffee,1,2,10,2023-03-21 18:48:17.376,"69ce8388-061d-4d13-9117-17258ac542f4","789e44cf-ea00-423c-bac2-854a7cf35950",Completed,65,MobilePayV2
326,TEST Filter Coffee,1,2,10,2023-03-21 18:55:19.823,"3bff58f0-228d-45ea-a0db-9d0337d689a3","789506b3-3fa7-423a-a345-7229fa41e256",Cancelled,80,MobilePayV2
327,TEST Filter Coffee,1,2,10,2023-03-21 19:33:02.018,cf2d21ea-9483-43d5-a673-732ee89bd6ea,"89c0106a-f2ed-4da0-b9b7-44cecd274da2",Completed,65,MobilePayV2
328,TEST One Black Coffee,6,2,1,2023-03-21 19:36:56.008,"12486cc3-712b-4d5a-b9d3-a5d18d8e5f86",b6366d6c-c08f-4519-b3c5-f8ae185af384,Completed,81,MobilePayV2
329,TEST Fancy Drink,7,2,10,2023-03-22 15:34:57.385,"3c8affc2-4c03-4400-9433-8748b5fc2750","5b5b188c-4e7e-47c4-bdd2-d277f6f531f7",Cancelled,44,MobilePayV2
330,TEST Filter Coffee,1,2,10,2023-03-28 17:25:51.867,"41130c1d-ec68-40dc-8d55-38ba83af7509","35cd5d17-bbc9-43ac-8ae5-539f892f8103",Cancelled,44,MobilePayV2
331,TEST Filter Coffee,1,2,10,2023-03-28 17:29:34.837,"67d892cc-d9ef-4107-b1bf-4af787538d5a",e560bc19-4510-42f7-85e0-98d5b2df21a2,Completed,44,MobilePayV2
332,Test Barista Filter Coffee,8,0,1,2023-03-29 10:23:06.765,"47A9084D-61CA-4166-AC0F-F7BCDAB218CF",,Completed,65,Free
333,TEST Filter Coffee,1,2,10,2023-03-29 10:23:11.096,"12a58609-5a64-4d3b-af55-4260e9397eff",d3192314-6a95-481e-bc68-e6bf439cd320,Completed,65,MobilePayV2
334,Test Barista Filter Coffee,8,0,1,2023-03-29 10:42:45.566,F7942C53-3231-483C-8E74-60968BE51E53,,Completed,65,Free
335,Test Barista Filter Coffee,8,0,1,2023-03-29 10:56:09.580,CB8BF8CF-1A8B-4050-A610-9B6D9582F19D,,Completed,65,Free
336,Test Barista Filter Coffee,8,0,1,2023-04-11 16:43:07.755,F630F713-D556-4381-8916-41AADEA39960,,Completed,65,Free
337,Test Barista Filter Coffee,8,0,1,2023-04-11 16:43:34.450,B361C415-6FB4-41AF-978E-9AE4521D4050,,Completed,65,Free
338,Test Barista Filter Coffee,8,0,1,2023-04-11 16:44:35.667,FE9C289A-4EF1-4D0A-9989-03622CCCF6A0,,Completed,65,Free
339,TEST Filter Coffee,1,2,10,2023-04-11 16:44:42.960,ea2adae3-2810-4279-9f2a-494b7157ddf1,"5b7d51ee-80d0-4575-9127-b1d609da33c5",Completed,65,MobilePayV2
340,Test Barista Filter Coffee,8,0,1,2023-04-11 16:51:10.525,"60A5AA45-B009-4EBB-96AC-33E7D45A1507",,Completed,65,Free
341,TEST Filter Coffee,1,2,10,2023-04-11 16:51:15.728,"3d4a8a57-39df-46a8-855b-ed7c3c6b00bf",b8b96b95-3fcd-4cc5-b6e8-bf9615c03860,Completed,65,MobilePayV2
342,TEST Filter Coffee,1,2,10,2023-04-11 16:57:05.168,"9afb3af3-6043-41db-9740-3a5a95a7a06f","0e94dccf-65a8-4a9f-9b0f-344f8e3d331c",Completed,65,MobilePayV2
343,Test Barista Filter Coffee,8,0,1,2023-04-11 17:06:34.932,F876E90A-C369-4E59-B660-F1D654A60643,,Completed,65,Free
344,TEST Filter Coffee,1,2,10,2023-04-11 17:06:39.174,d315c31a-5a64-40f0-9287-e1967fd04fe4,c35919f7-b1a7-4bf4-80c8-47a3f4710f14,Completed,65,MobilePayV2
345,TEST Filter Coffee,1,2,10,2023-04-11 17:06:59.127,"839a5df9-fe2a-452c-b8f2-f9f9b3b11bc4",e8cb7564-6897-426c-b9dd-e73a3c20ea8f,Completed,65,MobilePayV2
346,Test Barista Filter Coffee,8,0,1,2023-04-11 17:08:19.227,C1BB8BB9-7494-4B67-990F-78D29DEF2FA4,,Completed,65,Free
347,TEST Filter Coffee,1,2,10,2023-04-11 17:08:51.038,acd6e2b3-cf4c-4c93-8d56-8fae452d4856,"97c03032-9f3b-4850-9680-6cf0049de797",Completed,65,MobilePayV2
348,TEST Filter Coffee,1,2,10,2023-04-11 17:15:12.620,"47424bcb-3b9a-49ee-9ad6-86c7d0f3b218",df31a111-30dc-4a49-94e7-dcd18da3cfad,Completed,65,MobilePayV2
349,TEST Filter Coffee,1,2,10,2023-04-11 17:15:29.103,"6831a623-35d6-4b1e-bfa5-ad5d70b3c746","34f2ddea-da96-406e-9038-8370ea8dd2bc",Cancelled,65,MobilePayV2
350,TEST Filter Coffee,1,2,10,2023-04-11 17:18:09.609,"10a0419f-b808-4389-a67c-1ce9965f5470","01a3f42d-6d0f-4ade-8e01-cc9b6a998f79",Completed,65,MobilePayV2
351,Test Barista Filter Coffee,8,0,1,2023-04-11 17:18:27.887,"0A143020-E25B-4147-B317-1C41A57828CE",,Completed,65,Free
352,TEST Filter Coffee,1,2,10,2023-04-11 17:18:31.595,e3b546d9-10c6-45d6-a7e7-84d3afdab2c0,eb4f01d8-b9e4-47a4-ae8d-58730b4a92f3,Completed,65,MobilePayV2
353,TEST Filter Coffee,1,2,10,2023-04-11 17:18:46.263,"3106cf5b-c85e-4bf3-b104-92de8f730a9d",b3bd66db-06b2-4edf-b240-59edfadb344f,Cancelled,65,MobilePayV2
354,TEST Filter Coffee,1,2,10,2023-04-11 17:20:16.034,ca441430-02bd-461e-b604-1fd7fd291dcb,"15a0dac8-72a2-4015-990c-5a97383ae657",Cancelled,65,MobilePayV2
355,TEST Filter Coffee,1,2,10,2023-04-11 17:20:24.410,fc54517b-51d0-43f4-b5be-560aaaf7cbce,"424d1eb1-efee-4038-9790-2de94813f303",Completed,65,MobilePayV2
356,Test Barista Filter Coffee,8,0,1,2023-04-11 17:24:26.099,DED2050F-B564-4BEA-A2BE-6FBA36CAA7AE,,Completed,65,Free
357,TEST Filter Coffee,1,2,10,2023-04-11 17:24:30.307,"7828240d-ef5b-45f8-b95e-4f960975d891",fc914b72-582a-493b-8fd3-4a4f34abb0d3,Completed,65,MobilePayV2
358,TEST Filter Coffee,1,2,10,2023-04-11 17:24:45.283,"48fd19a3-1cad-463d-a763-399ed494ce25",ac858bd6-233c-407a-be43-42e718b7e4ad,Cancelled,65,MobilePayV2
359,Test Barista Filter Coffee,8,0,1,2023-04-11 18:09:09.904,ADD8FB84-5FC8-4E15-8E04-8E4B7C1039BA,,Completed,65,Free
360,TEST Filter Coffee,1,2,10,2023-04-11 18:09:14.204,ca217734-768c-47a1-9a59-c3fbc07e5bb9,"8937b3d9-abb1-4668-a637-0a914f27d3e1",Completed,65,MobilePayV2
361,TEST Filter Coffee,1,2,10,2023-04-11 18:09:34.932,e7717f45-8d3f-4651-9f9a-240e6fb3eb59,"3290cfa4-9b8e-40ee-8452-9bff7072ccfb",PendingPayment,65,MobilePayV2
362,TEST Filter Coffee,1,2,10,2023-04-14 11:01:56.219,bccfcec2-2304-4526-b690-85d3f66d44e4,"43f827b3-88ea-4628-a915-8cd8584c9f51",Completed,44,MobilePayV2
363,Test Barista Filter Coffee,8,0,1,2023-04-15 18:35:21.408,FB9B6E22-F9A0-443C-B05A-758E096566FE,,Completed,65,Free
364,TEST Filter Coffee,1,2,10,2023-04-15 18:35:25.046,"6649ecd2-1da0-4af7-abc9-eb76cd43a264","0cb3eadd-ae8a-41fd-bc7e-5cd110b900f6",Completed,65,MobilePayV2
365,Test Barista Filter Coffee,8,0,1,2023-04-18 17:37:18.573,"123FA5AF-C551-4FA5-B0A4-05C9DFFE8650",,Completed,66,Free
366,Test Barista Filter Coffee,8,0,1,2023-04-20 15:33:16.624,"3BF7E319-D8B8-4D63-A68F-7F8498033FAF",,Completed,66,Free
367,TEST Filter Coffee,1,2,10,2023-04-20 17:04:08.734,"986f9cbb-ad30-4846-97a7-d0e5c63a5bc3","0c9fe72d-aa7a-4de6-af24-3269f6acd14f",Completed,65,MobilePayV2
368,Test Barista Filter Coffee,8,0,1,2023-04-20 17:04:30.234,C303044B-9453-4284-9F49-23C978687BC4,,Completed,65,Free
369,Test Barista Filter Coffee,8,0,1,2023-04-23 12:46:18.728,"4C598062-6BD9-44F5-A97C-88AC5A5CC924",,Completed,65,Free
370,TEST Filter Coffee,1,2,10,2023-04-23 12:46:23.636,"2254bf2f-069e-450e-a317-90b18bb6a4f2","7c4cbb5d-e529-401a-bff2-8bc34b5804bd",Completed,65,MobilePayV2
371,Test Barista Filter Coffee,8,0,1,2023-04-23 14:42:43.214,EF07956D-2252-4D0E-B3DA-E049D261FDC7,,Completed,66,Free
372,TEST Filter Coffee,1,2,10,2023-04-23 14:42:47.667,"92830bfd-bfab-4019-ae10-656714e6a823",d8838f36-2e13-4b1a-8ea8-b4909b7b8208,Cancelled,66,MobilePayV2
373,TEST One Black Coffee,6,2,1,2023-04-23 14:43:19.306,"64567cc4-3b09-485b-be8e-50cf31a413dc",b0d2a998-c9b7-4afa-bbb9-f0f0e7016d71,Cancelled,55,MobilePayV2
374,TEST One Black Coffee,6,2,1,2023-04-23 14:45:20.693,"648545e8-c19c-4420-9df5-84034185632e",e79fab4c-7e7c-4b2b-b63c-5e7377bab6a0,Cancelled,55,MobilePayV2
375,TEST One Black Coffee,6,2,1,2023-04-23 20:14:15.925,ea8878fe-1193-42bb-8890-3317f453cb36,"1f2852df-c112-470d-977c-73f088c5aa62",Cancelled,55,MobilePayV2
376,Test Barista Filter Coffee,8,0,1,2023-04-23 20:16:03.332,"3552D1B7-1201-40D5-9A91-229BDC1FDDEE",,Completed,66,Free
377,Test Barista Filter Coffee,8,0,1,2023-04-23 20:16:16.338,C5BEF4F8-A538-429B-B0ED-7BB7B6797BEE,,Completed,66,Free
378,Test Barista Filter Coffee,8,0,1,2023-04-24 10:28:36.262,"27C75BCB-44B7-47C4-8A50-D6A54A803BA6",,Completed,65,Free
379,Test Barista Filter Coffee,8,0,1,2023-04-24 10:28:44.163,A8864158-80CF-4821-B8CE-D5D2B43FAC4A,,Completed,65,Free
380,Test Barista Filter Coffee,8,0,1,2023-04-24 10:34:18.439,E1A32C04-E8F6-489A-8AEB-D26EAA170D8E,,Completed,65,Free
381,Test Barista Filter Coffee,8,0,1,2023-04-24 10:34:25.012,EE2EB049-81C7-4970-9457-5C4C9AA93CAF,,Completed,65,Free
382,Test Barista Filter Coffee,8,0,1,2023-04-24 10:34:55.073,E9A75121-E0FA-422F-890B-7A36C2F36C16,,Completed,65,Free
383,Test Barista Filter Coffee,8,0,1,2023-04-24 10:36:44.730,ECEE5961-7EB5-4025-9CC6-FDA48EE7A46A,,Completed,65,Free
384,Test Barista Filter Coffee,8,0,1,2023-04-24 18:59:35.493,"98AF06BD-24AD-4BF9-A670-AEB30B645A2A",,Completed,66,Free
385,TEST Filter Coffee,1,2,10,2023-04-25 18:42:12.569,"29ed0666-67fc-4623-b745-f7618dfaa416","6db25c3e-8215-4df0-8f24-4dc8121ae5db",Completed,65,MobilePayV2
386,Test Barista Filter Coffee,8,0,1,2023-04-25 18:42:30.517,"74668DF1-FC6F-4C1C-8530-A293329E9B11",,Completed,65,Free
387,Test Barista Filter Coffee,8,0,1,2023-04-25 18:42:34.113,ADC26E8F-3C77-4FB8-8067-B6E8C9CC645A,,Completed,65,Free
388,TEST Filter Coffee,1,2,10,2023-04-25 18:43:05.852,"2b53565e-42b7-4cca-b9c7-5621fa82fe0f","667edda6-fd77-4152-8106-3461c1e0770e",Completed,65,MobilePayV2
389,Test Barista Filter Coffee,8,0,1,2023-04-25 18:43:22.791,"7EE87CAC-BAFF-4F34-9EBB-52DE7E46840A",,Completed,65,Free
390,Test Barista Filter Coffee,8,0,1,2023-04-25 18:43:51.705,E5749CAD-0E62-4172-9C9C-66CDBDC25A5E,,Completed,65,Free
391,Test Barista Filter Coffee,8,0,1,2023-04-25 18:48:05.945,"6E2981DE-72E6-4879-AC52-2E15D300FCEE",,Completed,65,Free
392,Test Barista Filter Coffee,8,0,1,2023-04-25 18:48:09.883,"37E5D0DA-33E5-41DD-A73A-FA833D53E4D8",,Completed,65,Free
393,Test Barista Filter Coffee,8,0,1,2023-04-25 18:48:20.228,"7CC7E358-D973-4073-8AFA-32AD582799A2",,Completed,65,Free
394,TEST Filter Coffee,1,2,10,2023-04-25 18:48:29.575,d235c4d1-5bd7-4ca2-9073-76966b6032f0,b5de1211-cb57-4e7e-b500-91063996d1d5,Completed,65,MobilePayV2
395,Test Barista Filter Coffee,8,0,1,2023-04-25 18:48:44.448,"6801902A-484B-41D1-BD59-4BC58B1276F2",,Completed,65,Free
396,Test Barista Filter Coffee,8,0,1,2023-04-25 18:48:54.016,C983A83E-245F-402F-B957-103B21DB71B8,,Completed,65,Free
397,TEST Filter Coffee,1,2,10,2023-04-25 18:49:12.153,"89ec5116-7f9e-45ce-99f8-5d4db848476b","6c3aad11-534d-4d42-a101-d372784c6196",Completed,65,MobilePayV2
398,TEST One Black Coffee,6,2,1,2023-04-25 18:50:55.323,"911eeeaa-fb49-4de0-95e3-8059c7ff65ee","1f3f562c-dff9-441c-b8f6-04a6c1a86ee9",Cancelled,67,MobilePayV2
399,Test Barista Filter Coffee,8,0,1,2023-04-25 18:52:12.829,B463A4E1-65FA-487F-A86B-1E3DCAB8C7A7,,Completed,65,Free
400,Test Barista Filter Coffee,8,0,1,2023-04-25 18:56:07.658,AD65FC75-52D8-4E99-8EF1-855A9D7807E1,,Completed,65,Free
401,TEST Filter Coffee,1,2,10,2023-04-25 18:57:52.346,b05cb0ad-738c-4047-b5e9-6d7dc6f852a0,"1ac80c9a-f6c1-4d87-b313-08151c1844d8",Completed,65,MobilePayV2
402,Test Barista Filter Coffee,8,0,1,2023-04-25 19:01:51.489,"4FBF2E0C-31FC-4CEB-B218-7FD7ADB0DAFA",,Completed,65,Free
403,Test Barista Filter Coffee,8,0,1,2023-04-25 19:01:58.343,FA1E89E3-54DB-45BF-A0C0-E1A18B1A4229,,Completed,65,Free
404,TEST Filter Coffee,1,2,10,2023-04-25 19:02:01.805,ded781b4-26e9-454b-a1c1-5670b167e7d9,af9d13d5-fa20-4168-8058-c4428a16c444,Completed,65,MobilePayV2
405,Test Barista Filter Coffee,8,0,1,2023-05-02 15:33:05.219,"7D9D3DB0-05B2-434C-861E-2E4EA764E0F1",,Completed,66,Free
406,Test Barista Filter Coffee,8,0,1,2023-05-02 16:06:12.643,"58FC9C1A-B773-4EDC-A0F0-8483ADC13E46",,Completed,66,Free
407,Test Barista Filter Coffee,8,0,1,2023-05-02 16:07:40.882,CE9A2FB0-6271-42ED-BAF7-61A898CAA40C,,Completed,66,Free
408,Test Barista Filter Coffee,8,0,1,2023-05-02 16:10:06.378,F0A10810-D164-4F96-AF8B-9EB2A46B40D9,,Completed,66,Free
409,Test Barista Filter Coffee,8,0,1,2023-05-02 16:10:29.044,"34E07736-7A14-4B7B-B106-967799C4D084",,Completed,66,Free
410,Test Barista Filter Coffee,8,0,1,2023-05-02 16:10:37.570,"50DAED22-9027-4D03-B4CF-E4150FA6D165",,Completed,66,Free
411,Test Barista Filter Coffee,8,0,1,2023-05-02 16:11:48.331,D8EE8A6A-F24D-4962-B2B3-CC430D0EAC35,,Completed,66,Free
412,Test Barista Filter Coffee,8,0,1,2023-05-02 16:15:33.572,B8FFB338-A2B4-4F8B-9BC3-912F21FDFD98,,Completed,66,Free
413,Test Barista Filter Coffee,8,0,1,2023-05-02 16:16:08.026,"2B005BD3-A696-4AEC-A6A5-C2770FC4503B",,Completed,66,Free
414,Test Barista Filter Coffee,8,0,1,2023-05-02 16:19:37.428,"34515B04-39AC-46B8-A30C-7219C1EF98BF",,Completed,66,Free
415,Test Barista Filter Coffee,8,0,1,2023-05-02 16:23:27.771,CAFD473B-66A0-4471-9265-F0CEB5E2E09D,,Completed,66,Free
416,Test Barista Filter Coffee,8,0,1,2023-05-02 16:24:03.534,A71F7733-0EDC-46FD-B2CE-C639CCEFD5C6,,Completed,66,Free
417,Test Barista Filter Coffee,8,0,1,2023-05-02 16:28:53.767,"2D7D41DC-0F10-4D98-AE3A-1151C9EEC995",,Completed,66,Free
418,Test Barista Filter Coffee,8,0,1,2023-05-02 16:29:01.213,"2570BF9D-A8BD-4E89-B11F-1D3D21142F43",,Completed,66,Free
419,Test Barista Filter Coffee,8,0,1,2023-05-02 16:33:16.871,"4F465A6E-3691-4206-8139-3B6991CA08FE",,Completed,66,Free
420,Test Barista Filter Coffee,8,0,1,2023-05-02 16:34:57.354,A668E00F-A4B8-42B3-9786-8F763FC9496A,,Completed,66,Free
421,Test Barista Filter Coffee,8,0,1,2023-05-02 16:36:00.795,"080D17DA-8631-46AE-935F-2A9EAB67E96E",,Completed,66,Free
422,Test Barista Filter Coffee,8,0,1,2023-05-02 16:37:06.621,"80C726E2-9783-4E6C-A211-781EA2AF0A01",,Completed,66,Free
423,Test Barista Filter Coffee,8,0,1,2023-05-02 16:37:40.338,"0551AD1C-833B-4645-959B-1133443E392D",,Completed,66,Free
424,Test Barista Filter Coffee,8,0,1,2023-05-02 16:38:18.538,AA524EA8-EEFF-487A-A10C-00463065150D,,Completed,66,Free
425,Test Barista Filter Coffee,8,0,1,2023-05-02 16:38:50.171,CC24C22C-9C10-4A24-94FA-33F3F6B1FE1D,,Completed,66,Free
426,Test Barista Filter Coffee,8,0,1,2023-05-02 16:39:18.694,"65DC50FB-3799-4312-AA15-6DF2257E17E0",,Completed,66,Free
427,Test Barista Filter Coffee,8,0,1,2023-05-02 16:40:45.002,"2A94DF04-B394-43CD-B171-7D424B29A176",,Completed,66,Free
428,Test Barista Filter Coffee,8,0,1,2023-05-02 16:42:10.636,CBC4BD7F-3686-4BBC-8DEC-1497604412B4,,Completed,66,Free
429,Test Barista Filter Coffee,8,0,1,2023-05-02 16:42:57.572,"08788DE3-3148-4E66-A4AB-0EEBFEE1EDD7",,Completed,66,Free
430,Test Barista Filter Coffee,8,0,1,2023-05-02 16:49:48.625,"96ADDE12-BFAA-49DB-8211-0F3C74586287",,Completed,66,Free
431,Test Barista Filter Coffee,8,0,1,2023-05-02 16:52:05.669,"85D8A7A6-338D-4FB8-A979-6EBA8E048BD8",,Completed,66,Free
432,Test Barista Filter Coffee,8,0,1,2023-05-02 16:53:15.792,C97333DE-5B75-4F7E-9183-F4FF9A9A11A4,,Completed,66,Free
433,Test Barista Filter Coffee,8,0,1,2023-05-02 17:01:41.349,"9EA66952-7B8C-4BC6-8BC8-3CFA21E7B3AE",,Completed,66,Free
434,Test Barista Filter Coffee,8,0,1,2023-05-02 17:02:26.700,B098345B-D67D-4387-A071-C785FDA883BC,,Completed,66,Free
435,Test Barista Filter Coffee,8,0,1,2023-05-02 17:03:27.955,"501D33DC-E5C3-44DF-96C3-3C210B3C9EA8",,Completed,66,Free
436,Test Barista Filter Coffee,8,0,1,2023-05-02 17:05:56.919,"97FCFE81-4729-4E76-BD9D-707C954F4E19",,Completed,66,Free
437,Test Barista Filter Coffee,8,0,1,2023-05-02 17:06:54.796,"99383717-F9D5-4C09-9DB6-6CEE976727D7",,Completed,66,Free
438,Test Barista Filter Coffee,8,0,1,2023-05-02 17:10:28.738,F67242CB-F54F-49CB-AD32-18CD0D1EEAD6,,Completed,66,Free
439,Test Barista Filter Coffee,8,0,1,2023-05-02 17:10:57.840,EE344BB0-B72A-48A8-89E4-EABD4432E5A6,,Completed,66,Free
440,TEST One Black Coffee,6,2,1,2023-05-02 17:14:16.158,"1b6c03a6-d364-42fe-ac33-88031aab3305","3172a9f7-ff4f-4a3b-a87f-fad3303fe189",Completed,44,MobilePayV2
441,Test Barista Filter Coffee,8,0,1,2023-05-02 17:20:41.408,C53D0580-FB8D-4B7A-96E6-CBA007C70A9C,,Completed,66,Free
442,Test Barista Filter Coffee,8,0,1,2023-05-02 17:24:47.801,C7D402F6-548F-49CB-9464-72C608AF8D42,,Completed,66,Free
443,Test Barista Filter Coffee,8,0,1,2023-05-02 17:28:33.614,DD7D2E57-261C-4157-965B-8703F2B48BAD,,Completed,66,Free
444,Test Barista Filter Coffee,8,0,1,2023-05-02 17:34:57.560,"05F3421F-088A-4572-AB19-71C107EB0543",,Completed,66,Free
445,Test Barista Filter Coffee,8,0,1,2023-05-02 17:35:51.126,A2A807CC-534A-49C7-8C4F-A4B0EC19C6D5,,Completed,66,Free
446,TEST Filter Coffee,1,2,10,2023-05-09 14:18:54.034,"807fcfbd-d5a9-4c1c-a5b1-da7a92fe6a5b",da1a642a-d83a-4f0a-ad1a-dd0fc141ab2c,Cancelled,66,MobilePayV2
447,TEST Filter Coffee,1,2,10,2023-05-09 14:22:41.581,"3d854a5e-ad49-44c2-a592-e2b0f7265d0d",c85521f7-4b81-480e-8d1a-c366de68199b,Completed,66,MobilePayV2
448,TEST Filter Coffee,1,2,10,2023-05-09 14:23:34.551,fd6fb95c-2d7f-4a8c-a9f1-2ff7b72fbecd,dc8e83c4-2562-439e-b09d-933bd25090aa,Completed,66,MobilePayV2
449,TEST Filter Coffee,1,2,10,2023-05-09 14:24:18.516,"4cfc2259-1770-4159-a1db-bafc3fa0dc6c","62113f91-c4d3-4655-89c7-d47fb348832f",Completed,66,MobilePayV2
450,TEST Fancy Drink,7,2,10,2023-05-09 15:13:53.739,"599616c9-c038-44b4-accc-f2c53e90bd5a","4fa76d69-b24a-47a1-921a-0d6d25b0a804",Completed,44,MobilePayV2
451,Test Barista Filter Coffee,8,0,1,2023-05-09 15:26:22.564,"486F7230-6ECB-4DAE-929B-DD6E2E7AE9D0",,Completed,66,Free
452,TEST Fancy Drink,7,2,10,2023-05-09 15:59:36.921,"787bcec2-f5bb-4098-a988-aea6c1d760ea","5aa08432-1a2a-4494-a57a-b4e6f8ccb378",Completed,44,MobilePayV2
453,TEST Fancy Drink,7,2,10,2023-05-09 16:00:37.443,"1931d411-336e-482a-a46a-d94a13d8bb88","59190ea2-e2c8-45cb-b840-90c432b62985",Completed,44,MobilePayV2
454,TEST Fancy Drink,7,2,10,2023-05-09 16:00:57.282,c117e4bb-b0db-4ff3-a88c-6b0cb27024c7,d3fa41d9-e94a-4304-ac13-8ee0853ddca4,Completed,44,MobilePayV2
455,Test Barista Filter Coffee,8,0,1,2023-05-09 16:18:51.968,"7C1ECDBE-5BC1-4970-A952-8494EB61D41A",,Completed,64,Free
456,Test Barista Filter Coffee,8,0,1,2023-05-09 16:18:56.972,"3323FF83-44AA-4ED4-9E09-B3AA7A55BDB0",,Completed,67,Free
457,Test Barista Filter Coffee,8,0,1,2023-05-09 16:19:04.259,EE784DF6-E9E8-4238-B505-ED6C4BC86994,,Completed,64,Free
458,Test Barista Filter Coffee,8,0,1,2023-05-09 16:19:06.362,"1DA12EF3-AC77-4852-89EA-89F67B8C9A52",,Completed,67,Free
459,Test Barista Filter Coffee,8,0,1,2023-05-09 16:19:06.853,E067F580-CE8B-4434-BC71-94F953A7109F,,Completed,64,Free
460,Test Barista Filter Coffee,8,0,1,2023-05-09 16:19:08.748,"2C9F23EE-41D4-4189-83A0-DB8D61D4257E",,Completed,67,Free
461,Test Barista Filter Coffee,8,0,1,2023-05-09 16:19:09.227,"67CD8E73-82B6-4A04-8684-3997A9A4F0C9",,Completed,64,Free
462,Test Barista Filter Coffee,8,0,1,2023-05-09 16:19:10.983,DDC59016-6A25-4713-A60E-6085B064D694,,Completed,67,Free
463,Test Barista Filter Coffee,8,0,1,2023-05-09 16:19:11.681,E3223EAC-ACF8-4AFA-ABBB-33145BA99A43,,Completed,64,Free
464,Az Filter Coffee,1,2,10,2023-05-12 06:01:07.839,"23f1a6d2-699f-4344-b46c-4a228a0fc5ac",d6cf69cd-052f-49e6-ba2a-27580b2f8c01,Completed,64,MobilePayV2
465,Az Filter Coffee,1,2,10,2023-05-12 06:16:38.646,"0019a57d-cdaf-4740-b081-6e0af51773d3",fde9cc86-928e-4618-b009-fdbf485171dc,Completed,64,MobilePayV2
466,Test Barista Filter Coffee,8,0,1,2023-05-12 10:30:11.701,"6D75CED0-D0F0-467B-92FE-3FD96A05D6E7",,Completed,64,Free
467,Az Filter Coffee,1,2,10,2023-05-12 10:30:16.353,"20c2e9a2-58f4-40fd-b90d-124583027798","3ed31476-bd56-45ac-bbb1-5d726ba48095",Completed,64,MobilePayV2
468,Az Filter Coffee,1,2,10,2023-05-12 10:44:08.868,"167cc665-0604-4eb5-a907-3906f816f949","2aad747a-0da0-418c-8fd3-85ef2411ce0f",Completed,64,MobilePayV2
469,Az Filter Coffee,1,2,10,2023-05-13 01:59:38.720,b871c304-29a4-45ff-af68-d0b21e9f6251,"61cdf54a-3574-44ed-8129-0c8f1879a12a",Completed,64,MobilePayV2
470,Az Filter Coffee,1,2,10,2023-05-13 06:09:41.004,"81ad8f5a-db8d-44c8-bcab-4e6ee0f9b38b","545a81d2-baae-4430-a78a-3deb9139d10e",Completed,85,MobilePayV2
471,Az Filter Coffee,1,2,10,2023-05-13 21:30:19.649,c8e30acb-2b5a-448c-b970-c7f75bbf6364,a799e435-dff1-4628-9eaa-b0efb6d09b8c,Completed,64,MobilePayV2
472,TEST Fancy Drink,7,0,10,2023-05-13 21:34:11.271,"0EE59A21-B04C-4A47-89BD-A56FDEE357DE",,Completed,64,Voucher
473,Test Barista Filter Coffee,8,0,1,2023-05-13 22:07:55.189,"51CBFFEB-494A-4808-A094-67FA775D9CB0",,Completed,64,Free
474,Test Barista Filter Coffee,8,0,1,2023-05-13 22:12:08.486,"8CB649DC-E3FC-4609-A856-A95E9360BE5B",,Completed,64,Free
475,Test Barista Filter Coffee,8,0,1,2023-05-14 18:14:26.786,"983F1A4A-3C50-4FCE-A97F-52F670694692",,Completed,64,Free
476,Test Barista Filter Coffee,8,0,1,2023-05-14 18:14:54.420,"70CD5FA1-1647-4C47-89A1-2DA687376F28",,Completed,64,Free
477,Az Filter Coffee,1,2,10,2023-05-14 18:14:58.304,"1039d708-0385-4371-8d93-49bbc07b0a3c",faceec98-ae24-4320-867e-7eb0d2906f0b,Cancelled,64,MobilePayV2
478,Test Barista Filter Coffee,8,0,1,2023-05-15 08:31:48.065,"9EC85A50-DFB8-4A98-8EAB-6EB6E473C3DC",,Completed,66,Free
479,Test Barista Filter Coffee,8,0,1,2023-05-16 14:44:09.906,"536C95FE-DF95-4C6C-BD05-7C8D321D36D3",,Completed,65,Free
480,Az Filter Coffee,1,2,10,2023-05-16 15:04:24.110,"98569e6e-01e6-4dd4-bbac-763a07445258",b706e95b-1765-48e8-bfd2-81bc0fd3f65b,Completed,44,MobilePayV2
481,Az Filter Coffee,1,2,10,2023-05-16 15:05:45.932,b0eb4112-d859-436a-a8f3-afe7ded98504,"34951540-34c2-4143-b075-242f0a2d28da",Cancelled,44,MobilePayV2
482,Az Filter Coffee,1,2,10,2023-05-16 15:06:22.067,"74cb8f11-1436-40b0-9b1a-54a0c5bdf081","5bb32229-7b71-4795-904f-a74d0fd7185b",Completed,44,MobilePayV2
483,Az Filter Coffee,1,2,10,2023-05-16 15:25:15.568,"4beaca72-625b-439d-bbdc-27b61ab7ab04","4c4bc6bb-f926-4754-b36c-a5091b94031c",Cancelled,44,MobilePayV2
484,Test Barista Filter Coffee,8,0,1,2023-05-16 15:26:24.424,C9E4FFD3-DADF-4D22-8093-979E64E78448,,Completed,65,Free
485,Az Filter Coffee,1,2,10,2023-05-16 15:29:26.544,"43e3fb77-ab59-43ee-9fa4-059cf27927ad","6b4ed110-188a-4580-8824-8c239728c95d",Completed,44,MobilePayV2
486,Az Filter Coffee,1,2,10,2023-05-16 15:30:44.355,"452bbd92-ef7c-4d27-99ae-4a5f44992ddc","38dabd58-b124-4b19-aba3-8fda2e55e823",Completed,44,MobilePayV2
487,Az Filter Coffee,1,2,10,2023-05-16 15:31:04.547,c6408c41-38a2-480b-baff-87e3612f6da6,"64c34ae8-5dbc-4664-a89c-d70a396d1ac4",Completed,44,MobilePayV2
488,Az Filter Coffee,1,2,10,2023-05-16 15:32:33.968,d13b2b84-907e-4274-84c9-9b4ff3d86b9d,"5888ffa7-43e2-414b-a243-86f3887d02be",Completed,44,MobilePayV2
489,Az Filter Coffee,1,2,10,2023-05-16 15:33:08.879,dbba324a-83ed-418c-9a0b-92a610beccdb,d63c5cf7-5a0f-442b-b6ad-421f321ed69c,Completed,44,MobilePayV2
490,Az Filter Coffee,1,2,10,2023-05-16 15:38:44.069,"41b59720-290b-45b4-82c1-353bbf11b8b1","3c00fb10-0875-415c-97a3-5f5637a1b408",Cancelled,44,MobilePayV2
491,Az Filter Coffee,1,2,10,2023-05-16 15:40:31.416,db91debf-c28d-4d9a-bd9e-71da8a0bab76,"08f7a5a4-504e-44b8-aa29-b9bc3d26893e",Completed,44,MobilePayV2
492,Az Filter Coffee,1,2,10,2023-05-16 15:41:35.128,cb009465-f03a-43fd-8df8-a1e51e586a62,"76afdef0-b235-4f59-84b0-dffd57815865",Completed,44,MobilePayV2
493,Az Filter Coffee,1,2,10,2023-05-16 15:41:57.460,ef944489-a94f-4ccb-af0b-2e47b130fdcf,f0bce83f-659e-451a-8d90-af7d3e71b99f,Completed,44,MobilePayV2
494,Az Filter Coffee,1,2,10,2023-05-16 15:46:47.748,"3682dbe6-5b24-41da-9e00-d3cb844a748f","07da2247-d459-4ad4-b3fb-a6a56571d255",Completed,44,MobilePayV2
495,Az Filter Coffee,1,2,10,2023-05-16 15:47:43.466,"0cbcdf09-4803-41d8-acef-1b60eedcd6db",b699758e-da25-4b60-bff5-6116b04af765,Completed,44,MobilePayV2
496,Az Filter Coffee,1,2,10,2023-05-16 15:48:22.807,"22a95747-ac23-4855-a61d-b8a32d79f794","63c0823d-aa04-4cef-9b08-3e015c614520",Completed,44,MobilePayV2
497,Az Filter Coffee,1,2,10,2023-05-16 15:48:43.286,"18aad4ef-4512-42e0-8d33-bd30cdce3aa1","714994c9-fd24-43ef-ab18-ba2ab747f62a",Cancelled,44,MobilePayV2
498,Az Filter Coffee,1,2,10,2023-05-16 15:49:25.876,d88c1b70-9c63-45f9-857d-ac43ef4a46e3,a9662c8b-5ca6-4f73-b5c6-55c168abc625,Completed,44,MobilePayV2
499,Az Filter Coffee,1,2,10,2023-05-16 15:50:29.313,fdffa8e1-5139-4552-8631-ba2dae991170,b056aa2a-7801-4ab2-830f-1f94cc988cc9,Completed,44,MobilePayV2
500,TEST Fancy Drink,7,2,10,2023-05-16 16:52:02.812,fb894688-92d9-4b57-a593-419eef25f238,"88c9014d-4b97-4b4e-9e0c-8f5b934fa3eb",Cancelled,44,MobilePayV2
501,Az Filter Coffee,1,2,10,2023-05-16 16:52:28.657,"628b420d-7972-42dc-8482-e0bd9dfb6689","8eb6c661-4950-4941-b830-5fdae231081d",Completed,65,MobilePayV2
502,Az Filter Coffee,1,2,10,2023-05-16 16:52:52.304,"94af0245-0447-4c7c-8155-ca880f4e3d73","5e6995dd-6812-4c5e-99a9-e59a3e7e84c0",Cancelled,65,MobilePayV2
503,Az Filter Coffee,1,2,10,2023-05-16 16:54:14.684,"1f886b82-764c-44be-bfb5-a709bfdfe0cd","1d280755-2f75-46f4-a1a2-c0f81c2ac834",Completed,65,MobilePayV2
504,Az Filter Coffee,1,2,10,2023-05-16 16:54:50.813,"2d7e4b94-c3b8-4954-8250-8e9fc73a692f","05bc3a91-4c9c-4656-9b3e-39a9946e5310",Completed,65,MobilePayV2
505,Az Filter Coffee,1,2,10,2023-05-16 16:55:16.135,"7706839a-cbda-4e1d-8cbe-9c8ad47d7bf8",d47be68b-6a78-48d8-bc20-15088d4b4f48,Completed,65,MobilePayV2
506,Az Filter Coffee,1,2,10,2023-05-16 16:55:37.156,a53dab39-ca0e-4a4d-a0f4-158892ea604c,f49f633c-6a75-4e3b-9691-130898229558,Completed,65,MobilePayV2
507,Az Filter Coffee,1,2,10,2023-05-16 16:55:55.546,"0fd3a951-c9e8-4368-9246-b616d87e0b5e",a1350184-6085-4de4-a809-d2bd30b8d7f3,Cancelled,65,MobilePayV2
508,TEST Fancy Drink,7,2,10,2023-05-16 17:04:22.827,fbe08fa1-8736-4cd1-b948-72a51a99c1bd,"9b44d7dc-bc06-495e-b4df-ace22479eefd",Cancelled,44,MobilePayV2
509,TEST Fancy Drink,7,2,10,2023-05-16 17:04:45.810,"6cb257fa-b71f-426d-9945-de5440275cfa","7a0642af-40d7-487e-9c06-65c6c98567c0",Completed,44,MobilePayV2
510,TEST Fancy Drink,7,2,10,2023-05-16 17:05:12.649,a2357d6e-46c5-41d4-b8cc-327f27d6e186,"48650b7e-6fb8-4dee-b9be-1efb73064308",Completed,44,MobilePayV2
511,Test Barista Filter Coffee,8,0,1,2023-05-19 12:46:47.137,"48AD54F2-8673-461E-A97F-270BCFC418E4",,Completed,66,Free
512,Az Filter Coffee,1,2,10,2023-05-19 13:36:33.387,"53ab269a-5bbe-48e5-aa49-a5a48acb0a00",a2593898-d58d-4280-bca0-e0f3a78527c7,Completed,44,MobilePayV2
513,Az Filter Coffee,1,2,10,2023-05-19 13:36:54.706,"2da24151-753b-4a1a-bcec-594541951690","08717b14-564a-48d0-b382-1af5b998329e",Completed,44,MobilePayV2
514,Az Filter Coffee,1,2,10,2023-05-19 13:37:08.928,"0de41e2d-68ed-4a8c-bdd3-0fbf478bb1b1",ef108057-bc03-4aec-a95a-8075817cf3ef,Completed,44,MobilePayV2
515,TEST Tea,3,2,10,2023-05-19 13:46:20.732,"1731e706-41e3-4bcd-b3b5-acbb2cf18c5a","535ad148-679a-4efd-b11a-cc11cb7dc93f",Completed,44,MobilePayV2
516,Az Filter Coffee,1,2,10,2023-05-23 14:42:49.389,"5ec36aaf-3678-4a5f-b102-4aa3b267692c","77a1f15a-76da-4f90-8add-8602d80349e3",Cancelled,44,MobilePayV2
517,TEST Fancy Drink,7,2,10,2023-05-23 14:43:45.596,ee2a5835-b695-4e2c-93de-3f77c4de31d8,"04cbdcef-7336-47f4-8881-acc5c25fed00",Refunded,44,MobilePayV2
518,Az Filter Coffee,1,2,10,2023-05-23 14:45:38.891,ceed4e1a-51a6-45f0-a7e7-177a8c3fe20b,a117e7f4-16ad-4dd2-b828-b2e25eba5cae,PendingPayment,44,MobilePayV2
519,TEST Tea,3,2,10,2023-05-23 14:45:57.195,"236c251c-ac26-43df-b8a0-a2ff4027271f",fa0412ed-41ed-4dd9-9ac2-cd3c5726897b,Cancelled,44,MobilePayV2
520,Az Filter Coffee,1,2,10,2023-05-23 15:03:26.605,"0e282a61-ac81-4f21-ab12-a7e3f77f17ad",c0d898fb-061a-44c0-adc7-5cb0674f330a,Cancelled,66,MobilePayV2
521,Az Filter Coffee,1,2,10,2023-05-23 15:03:42.875,"9e655da1-4d19-494d-8e1d-68c0e702ac26",ace3bc4b-48fc-4385-840b-03b327ce5ef6,Completed,66,MobilePayV2
522,TEST Tea,3,2,10,2023-05-23 16:16:57.095,b1f7329e-aa00-49e8-a1d0-f659f8d349d6,c3089c8e-c108-4393-b880-a1926500cd74,Completed,44,MobilePayV2
523,Az Filter Coffee,1,2,10,2023-05-23 16:22:03.106,"8c39c1d4-5720-44d4-b988-fdec8b92e304",cdeb0de1-55c5-4f7d-aacd-211429c390af,Completed,44,MobilePayV2
524,TEST Fancy Drink,7,2,10,2023-05-23 16:22:22.960,f531a3c7-3e82-453b-a82b-aff20875bc85,"59cded49-e6b7-4383-ab88-e2d377901110",Cancelled,44,MobilePayV2
525,Az Filter Coffee,1,2,10,2023-05-23 16:23:39.237,"2c8f2896-191b-481f-ae94-7b4018487ae2",bab50250-f024-4cf8-966a-a680b8902769,Cancelled,44,MobilePayV2
526,TEST One Black Coffee,6,2,1,2023-05-23 16:26:15.220,b00d4e66-29b3-4599-ad84-dd4d517a1b35,"6c2c41c6-cb29-47fd-8cb2-60d71548e173",Completed,44,MobilePayV2
527,Az Filter Coffee,1,2,10,2023-05-24 14:54:12.116,"906e6744-ab64-44d9-864a-ab172e7979a2",fac20e32-873b-4b29-b904-43c46afe0a8c,Cancelled,66,MobilePayV2
528,Az Filter Coffee,1,2,10,2023-05-25 08:18:51.278,e7a39f04-9ace-4f44-9bc1-e1c485b81468,"4ca691aa-d774-45c6-a277-1a5ea947b13d",Completed,65,MobilePayV2
529,Az Filter Coffee,1,2,10,2023-05-25 08:19:25.103,a4dec4ca-b2c8-4a6c-a564-b8a01d8bd04d,"4f1e2411-91cd-4695-9b27-d0019921b378",Cancelled,65,MobilePayV2
530,Az Filter Coffee,1,2,10,2023-05-25 08:19:39.575,"81e42203-9562-4a81-aeca-c4ec84401d0e",b647d8a5-8c16-4446-996b-24621a312778,Completed,65,MobilePayV2
531,Az Filter Coffee,1,2,10,2023-05-27 20:28:11.764,"553a69ca-28ee-4e11-b54f-52f3a106c663","794eb80b-eda8-47c8-9686-00a053529557",Cancelled,66,MobilePayV2
532,Az Filter Coffee,1,2,10,2023-05-29 07:11:11.157,"2cc6a924-aa5c-468a-bc0b-357772e72aed",d8876fdf-1f3d-4be0-a36c-c65fdda974cc,Completed,66,MobilePayV2
533,Test Barista Filter Coffee,8,0,1,2023-05-29 07:12:21.967,A7980787-397D-44E0-8AF1-D3155403728A,,Completed,64,Free
534,Test Barista Filter Coffee,8,0,1,2023-05-29 07:13:52.149,"0F1FB148-2DCD-4AD0-AD3A-BC96FA4C6273",,Completed,64,Free
535,Test Barista Filter Coffee,8,0,1,2023-05-29 07:15:35.809,"0DBFA74A-6826-40F6-8D76-C607EA5F21CC",,Completed,66,Free
536,Test Barista Filter Coffee,8,0,1,2023-05-29 07:17:26.950,"69281C83-EBB5-41DA-9E9A-DA05B05A4E25",,Completed,66,Free
537,Az Filter Coffee,1,2,10,2023-05-29 07:18:49.223,e93fd34c-57e2-4074-8988-59245c9f51b7,"1d689f77-8493-49f7-8a93-aa5751ac1e08",Completed,64,MobilePayV2
538,Test Barista Filter Coffee,8,0,1,2023-05-29 07:25:58.031,FEC4FB84-1CAC-472D-92B2-70549FB81F23,,Completed,66,Free
539,Test Barista Filter Coffee,8,0,1,2023-05-29 07:33:15.622,AB202014-4A7B-4D44-BABA-98055EDCD131,,Completed,66,Free
540,Test Barista Filter Coffee,8,0,1,2023-05-29 11:55:13.729,D2255C58-298F-4895-AE96-3A0C27676F25,,Completed,66,Free
541,Test Barista Filter Coffee,8,0,1,2023-05-29 19:50:53.880,"17C67F72-6D86-4727-AC56-1F0758B91D99",,Completed,66,Free
542,Az Filter Coffee,1,2,10,2023-05-29 19:51:47.504,"0ba4dae5-b940-44cb-9974-d6be34f3ee63","3bf026ec-4f75-4e85-bee8-0c51014a68a3",Cancelled,66,MobilePayV2
543,Az Filter Coffee,1,2,10,2023-05-29 19:56:21.673,"110ed73e-be83-41c7-8c36-7e756f8cce99","4edc2ada-4f42-488d-9cee-22b32d18d65a",Cancelled,66,MobilePayV2
544,Test Barista Filter Coffee,8,0,1,2023-05-29 20:05:01.674,"37FA98CC-4578-43F0-A9E1-F653C6139054",,Completed,66,Free
545,Az Filter Coffee,1,2,10,2023-05-29 20:05:11.512,cd285962-942a-4b74-848c-a297584a6ff8,e0a517a8-e7b9-467f-b6b8-4f93ebbb3b07,Cancelled,66,MobilePayV2
546,Test Barista Filter Coffee,8,0,1,2023-05-30 14:59:21.350,AB8F4C5B-5DEE-4968-B6B9-5EAF984B96A5,,Completed,65,Free
547,Test Barista Filter Coffee,8,0,1,2023-05-30 15:01:58.840,"750988BE-78DF-455A-9B55-B59FE7C74646",,Completed,65,Free
548,Test Barista Filter Coffee,8,0,1,2023-05-30 15:12:57.686,D932CBD8-3026-4B21-9C26-F733EF750F77,,Completed,65,Free
549,Az Filter Coffee,1,2,10,2023-05-30 15:13:03.082,"1a81d359-304e-4126-b43b-53288eef1f2c","40b8b8fa-7bf7-426d-b81e-7dc6392eb626",Cancelled,65,MobilePayV2
550,Test Barista Filter Coffee,8,0,1,2023-05-30 15:14:08.754,A7F312B2-D219-4741-94A0-B244800DF0C3,,Completed,65,Free
551,Az Filter Coffee,1,2,10,2023-05-30 15:14:11.763,"9c8dab41-4a06-4e44-9152-79b47df54874",c1e77f57-9489-4e35-8da4-f6194678965e,Completed,65,MobilePayV2
552,Test Barista Filter Coffee,8,0,1,2023-05-30 15:19:48.289,"0E11BB7E-9F29-4049-8C66-1782428ED5A1",,Completed,66,Free
553,Az Filter Coffee,1,2,10,2023-05-30 15:19:54.102,fda11e2f-eca7-4bce-87bc-8caf3871d283,"0f6abd94-7cd4-42a3-803e-d2d7b3fbb270",Cancelled,66,MobilePayV2
554,Test Barista Filter Coffee,8,0,1,2023-05-30 15:38:28.883,A200D723-81A4-4621-B535-283F18051130,,Completed,65,Free
555,Az Filter Coffee,1,2,10,2023-05-30 15:42:19.692,"8058c36f-fb46-453b-a4f4-a4f1ef7d8cd8","3641f829-2e57-462d-9ee1-347d4d6b2ef9",Completed,65,MobilePayV2
556,Test Barista Filter Coffee,8,0,1,2023-05-30 15:42:33.496,"03ABF958-1AB1-4E56-8A5A-78F18F3E3F02",,Completed,65,Free
557,Test Barista Filter Coffee,8,0,1,2023-05-30 20:02:32.865,"6B567856-987D-4DAD-861F-07DE542D3410",,Completed,64,Free
558,Az Filter Coffee,1,2,10,2023-05-30 20:02:43.352,"07d536c9-9e8c-4e23-b49c-4eace7f40d5f","73ed75c4-6ec7-4a0a-8f76-36ce250fedd8",Completed,64,MobilePayV2
559,Test Barista Filter Coffee,8,0,1,2023-06-06 15:01:36.856,ADC22F7F-AC83-46F1-877B-5CA50DA6F82F,,Completed,66,Free
560,Az Filter Coffee,1,2,10,2023-06-06 15:10:12.172,"62f58972-5cab-476c-baa9-b667476a71f5","32df29a6-6d1d-46e2-a00e-e514ebed1bed",Cancelled,66,MobilePayV2
561,Az Filter Coffee,1,2,10,2023-06-06 15:12:05.168,"8946ac99-a03c-46b6-8a68-39b5d8172e69","97749daa-5ddc-46c9-bd18-bff27a16a3df",Completed,66,MobilePayV2
562,Az Filter Coffee,1,2,10,2023-06-06 15:29:27.721,"19eb6e3a-390f-4c92-ac9b-4b435e76e2b6","4d762d4f-2187-47e7-b250-8ce7a74fbdc4",Cancelled,66,MobilePayV2
563,TEST Fancy Drink,7,0,10,2023-08-15 18:40:23.748,"46575866-9EAF-4673-A7D4-9DCE723C46AA",,Completed,64,Voucher
564,Az Filter Coffee,1,2,10,2023-08-29 16:14:49.953,fa1535cf-248e-4b3a-8aa8-f650d45721a0,"24ba51a7-afd2-4cdc-be98-8dd051d782c8",Completed,67,MobilePayV2
565,Test Barista Filter Coffee,8,0,1,2023-09-21 16:40:15.857,DFA532AE-0FD4-4E99-B5D0-DD7F5F8ABBEA,,Completed,66,Free
566,Test Barista Filter Coffee,8,0,1,2023-09-21 16:45:25.960,B26D89E0-FA37-439D-B4D2-CC64ED7D8E5B,,Completed,66,Free
567,Test Barista Filter Coffee,8,0,1,2023-09-21 16:47:02.723,FB1A545D-A73B-4714-BA5C-7E114BDC088D,,Completed,66,Free
568,Test Barista Filter Coffee,8,0,1,2023-09-21 16:47:12.589,EA721EFB-A53C-4588-A301-7BD34E536BAB,,Completed,66,Free
569,Test Barista Filter Coffee,8,0,1,2023-09-21 16:50:07.774,E872F2AA-635D-4F96-A35F-5E63C282BE11,,Completed,66,Free
570,Test Barista Filter Coffee,8,0,1,2023-09-21 16:50:11.506,"7F1EC26A-57C7-4B92-A819-D90611EC1993",,Completed,66,Free
571,Test Barista Filter Coffee,8,0,1,2023-09-21 16:50:13.880,"48051471-190D-49C7-B4B3-30C79A249EC2",,Completed,66,Free
572,Test Barista Filter Coffee,8,0,1,2023-09-21 16:50:15.910,"55D05BB8-1CBF-4D21-BEC5-5E35EBEFD08A",,Completed,66,Free
573,Test Barista Filter Coffee,8,0,1,2023-09-21 16:50:20.746,"2CE5C88C-F1D8-43FC-9295-4D7191E41DBE",,Completed,66,Free
574,Test Barista Filter Coffee,8,0,1,2023-09-21 16:50:29.842,B788522C-BB26-4C40-B1EA-67262B173254,,Completed,66,Free
575,Test Barista Filter Coffee,8,0,1,2023-09-21 16:51:05.694,"36895155-7BA2-4527-BE5D-5CCFD3802AF0",,Completed,66,Free
576,Test Barista Filter Coffee,8,0,1,2023-09-21 16:51:33.376,AEEDB1C8-5DCF-4BBF-876C-F3F6E57064BC,,Completed,66,Free
577,Test Barista Filter Coffee,8,0,1,2023-09-21 16:51:36.565,"2AF30A8D-0766-4982-BD00-E9D25D3E71E6",,Completed,66,Free
578,Test Barista Filter Coffee,8,0,1,2023-09-21 16:51:38.671,"14A800D6-9B4D-4C1C-BF4F-6B79601E4E27",,Completed,66,Free
579,Test Barista Filter Coffee,8,0,1,2023-09-21 16:52:10.149,AAE8741A-FA9E-4642-B892-91B3376589B6,,Completed,66,Free
580,Test Barista Filter Coffee,8,0,1,2023-09-21 16:52:12.594,C4BB1513-3733-4F7C-8698-DBE365B0AE24,,Completed,66,Free
581,Test Barista Filter Coffee,8,0,1,2023-09-21 16:52:17.764,"2C5D4626-EE18-4F10-B913-EAAAB12EA9A6",,Completed,66,Free
582,Test Barista Filter Coffee,8,0,1,2023-09-21 16:53:55.031,"4C0E2E1F-B755-423F-9A43-0579F8C068ED",,Completed,66,Free
583,Test Barista Filter Coffee,8,0,1,2023-09-21 16:54:05.936,A57A62C9-FDA5-4E3E-A4AE-47AA11BBB5FC,,Completed,66,Free
584,Test Barista Filter Coffee,8,0,1,2023-09-21 16:54:33.520,"754178EC-9DFA-4370-AAE6-29886028DA29",,Completed,66,Free
585,Test Barista Filter Coffee,8,0,1,2023-09-21 16:54:38.411,E1523CCF-D1C4-44F4-9A8E-943F068DFB03,,Completed,66,Free
586,Test Barista Filter Coffee,8,0,1,2023-09-21 16:56:55.405,"8EC5EF35-4F0A-4E94-BE85-92809674F2C0",,Completed,66,Free
587,Test Barista Filter Coffee,8,0,1,2023-09-21 16:57:00.832,F4E04FC2-C1C0-42C2-BD65-89DB0D7B6435,,Completed,66,Free
588,Test Barista Filter Coffee,8,0,1,2023-09-21 16:57:39.445,"0FBA69D0-5789-4F02-835A-AA0140147B70",,Completed,66,Free
589,Test Barista Filter Coffee,8,0,1,2023-09-21 16:58:51.450,D142D80E-ADBB-49FE-8DAF-771B53B11E9D,,Completed,66,Free
590,Test Barista Filter Coffee,8,0,1,2023-09-21 16:58:56.989,E139F97C-4C72-470C-A8F7-801A2FDC8443,,Completed,66,Free
591,Test Barista Filter Coffee,8,0,1,2023-09-21 16:59:19.954,"24B5A2D3-AA00-4FA3-A6A2-11086A56F8A5",,Completed,66,Free
592,Test Barista Filter Coffee,8,0,1,2023-09-21 16:59:44.125,"9E80BB8B-709B-4F25-B66C-70FAC04F479E",,Completed,66,Free
593,Test Barista Filter Coffee,8,0,1,2023-09-21 16:59:56.008,"1A5004F8-797A-49F7-9047-C18828827DEE",,Completed,66,Free
594,Test Barista Filter Coffee,8,0,1,2023-09-21 17:00:12.194,"910D90DB-3BB6-4C90-948E-AE2C171EC4DD",,Completed,66,Free
595,Test Barista Filter Coffee,8,0,1,2023-09-21 17:00:59.909,EA673100-D04C-4D2E-8A34-8498A699AC35,,Completed,66,Free
596,Test Barista Filter Coffee,8,0,1,2023-09-21 17:53:06.157,D3FFEC40-4D56-4933-A243-12C068322229,,Completed,66,Free
597,Test Barista Filter Coffee,8,0,1,2023-09-21 17:53:15.247,B4047C25-89D2-4F72-A74A-07A1A618B458,,Completed,66,Free
598,Test Barista Filter Coffee,8,0,1,2023-09-21 17:56:16.184,BA2A921E-6D6D-4420-8201-3992DF7E5EB4,,Completed,66,Free
599,Test Barista Filter Coffee,8,0,1,2023-09-21 18:12:52.375,ABAC69B3-D858-4DCC-A9DF-8B0CE70A1F69,,Completed,66,Free
600,Test Barista Filter Coffee,8,0,1,2023-09-21 18:14:36.353,CCC14F73-058A-4633-99DE-AE6DE4352A01,,Completed,66,Free
601,TEST One Black Coffee,6,0,1,2023-09-22 19:54:23.491,a8c68914-6143-4fd7-92f6-752c4d635870,,Completed,64,Voucher
602,Az Filter Coffee,1,2,10,2023-09-22 19:59:27.313,cba4261a-8889-41e6-a26d-203206cb0965,"290cb769-d602-403f-8021-e9030315e353",Completed,64,MobilePayV2
603,Az Filter Coffee,1,2,10,2023-09-22 20:01:59.696,"5f73a7e0-37a4-47d1-baf9-bb4482640523","9383d4ac-2640-47ef-8703-ba385dbd95c2",Completed,64,MobilePayV2
604,TEST One Black Coffee,6,0,1,2023-09-23 19:24:41.911,cb3bb724-a229-47ed-bf12-259d37434aaf,,Completed,64,Voucher
605,Az Filter Coffee,1,2,10,2023-10-01 11:24:31.295,"64c339a7-2cf3-4858-b0b6-e22feea5c523","1dd170fc-484c-406e-9166-7320c9f5c191",Cancelled,66,MobilePayV2
606,Test Barista Filter Coffee,8,0,1,2023-10-05 16:42:47.770,"7e7ab759-8dba-432c-80bd-631eb7db1af4",,Completed,66,Free
607,TEST One Black Coffee,6,2,1,2023-10-15 13:40:30.404,"82dc152f-e570-4fe7-aa77-a1049753a114","24931f4a-f381-4010-a696-dc80f9e91625",Cancelled,55,MobilePayV2
608,TEST One Black Coffee,6,2,1,2023-10-15 13:40:45.107,ce9a7fd8-364f-45d5-b190-ba7523cd6670,"95055b57-f840-4aad-a6a7-d94e1f633a90",Cancelled,55,MobilePayV2
609,Test Barista Filter Coffee,8,0,1,2023-11-02 17:13:30.014,"9dd9862b-a106-4f4b-9e4d-4cfa1c665e48",,Completed,66,Free
610,Test Barista Filter Coffee,8,0,1,2023-11-02 17:13:35.349,"866fea1b-b7a9-4d37-8a02-f5ad3106b9ef",,Completed,66,Free
611,Test Barista Filter Coffee,8,0,1,2023-11-02 17:13:41.008,d45998df-2e8d-4d1b-85b9-6b59440e3e13,,Completed,66,Free
612,Test Barista Filter Coffee,8,0,1,2023-11-02 19:01:25.913,"5776b0c5-8288-43f6-bc0f-c0a225e272ad",,Completed,66,Free
613,Test Barista Filter Coffee,8,0,1,2023-11-02 19:01:54.798,"4cef3db1-a752-451a-a8d0-be1c321d46ed",,Completed,66,Free
614,Test Barista Filter Coffee,8,0,1,2023-11-02 19:02:02.273,"7a48f029-4f9c-4b01-a2d7-301e407a9600",,Completed,66,Free
615,Test Barista Filter Coffee,8,0,1,2023-11-02 19:02:05.630,"85192471-801c-45cc-b614-d984e59cbde2",,Completed,66,Free
616,Test Barista Filter Coffee,8,0,1,2023-11-09 15:39:30.885,b99c261c-9460-48be-94d8-9357e96c66ec,,Completed,66,Free
617,Test Barista Filter Coffee,8,0,1,2023-11-09 15:39:59.772,"19b88dae-e65a-4ef6-a2cd-05dfbbb74f42",,Completed,66,Free
618,Test Barista Filter Coffee,8,0,1,2023-11-09 15:40:24.258,a3aef51a-2dc7-439a-be95-feafbae67661,,Completed,66,Free
619,Test Barista Filter Coffee,8,0,1,2023-11-09 15:56:01.048,"5fb21f2d-92df-4b2b-b706-037a2c537bcd",,Completed,66,Free
620,Test Barista Filter Coffee,8,0,1,2023-11-09 15:56:58.461,"5e72b19f-988c-4a76-82a0-725305422497",,Completed,66,Free
621,TEST One Black Coffee,6,2,1,2023-11-09 18:12:48.702,"516c18ce-5cd1-44e9-bf05-89e59a6b1b10","9a2d0a5a-2e3b-44f4-b7f1-f0ccb1fb8567",Cancelled,79,MobilePayV2
622,Test Barista Filter Coffee,8,0,1,2023-11-09 18:14:43.767,"88b92f4a-40e1-467f-b91e-4f4166b13729",,Completed,66,Free
623,TEST Hot Chocolate,9,12,45,2023-11-29 08:37:29.128,ec399f87-d8c6-4ebc-80bf-d96d7344be04,"306ecda0-6094-408a-ac48-fd27bca9805c",Cancelled,66,MobilePayV2
624,Omids Kakao,18,0,10,2023-11-30 16:19:48.004,dcec829f-65d8-4fd9-8405-1e26b546627e,,Completed,66,Free
625,Frederiks Martini,19,0,1,2023-11-30 16:24:18.001,d37a95c9-8295-4a49-b37c-8f3ea1e3aecf,,Completed,66,Free
626,Frederiks Martini,19,0,1,2023-11-30 16:48:03.083,e0290596-e1f5-461b-973d-cfe46a55156f,,Completed,66,Free
627,Frederiks Martini,19,0,1,2023-11-30 16:48:51.187,a1cfedf6-ac55-40fe-9d5e-3a83da73d0cc,,Completed,66,Free
628,Frederiks Martini,19,0,1,2023-11-30 16:49:03.262,"6a6669f4-15a4-4330-bd06-e708a6fdd575",,Completed,66,Free
629,Frederiks Martini,19,0,1,2023-11-30 16:49:26.254,"840e3451-894c-49e8-b07b-4b661ef2b42f",,Completed,66,Free
630,Frederiks Martini,19,0,1,2023-11-30 16:49:40.018,"03cbdebf-a217-45ff-8264-ddb5c4930db1",,Completed,66,Free
631,Frederiks Martini,19,0,1,2023-11-30 16:50:33.306,"9e10074f-52e0-4ad3-8d6e-beb6e5721237",,Completed,66,Free
632,Frederiks Martini,19,0,1,2023-11-30 16:58:22.493,"04e54ba7-27b5-4e40-8e95-02c3fce8f5b4",,Completed,66,Free
633,Frederiks Martini,19,0,1,2023-11-30 16:59:49.053,b7920995-5478-4edb-9bfb-0a751131a947,,Completed,66,Free
634,Frederiks Martini,19,0,1,2023-11-30 16:59:55.661,"2b64c5b5-cf6d-4d3b-97ce-9dd64ea0e605",,Completed,66,Free
635,Omids Kakao,18,0,10,2023-11-30 17:00:00.680,f7e66cb9-c4c3-45ba-897d-7a630bb369d7,,Completed,66,Free
636,Omids Kakao,18,0,10,2023-11-30 17:00:04.735,"7917ba55-2be2-4ddd-b264-a86910351f6e",,Completed,66,Free
637,TEST Hot Chocolate,9,12,45,2023-12-08 07:50:23.829,"4e7a914a-1a14-44d3-947e-0482b4670f86","3037aec7-d0cc-4c8c-b3c5-3a83860ae2c8",Completed,44,MobilePayV2
638,Omid tvang mig,22,0,4,2024-01-21 11:18:11.972,cd468a0a-acd8-4d46-aa0f-e22c61da15f4,,Completed,66,Free
639,Frederiks Martini,19,0,1,2024-01-22 00:51:31.993,f261a245-74d1-44b8-880d-e26203ab43ad,,Completed,66,Free
640,Frederiks Martini,19,0,1,2024-01-22 00:53:27.390,"6dbc3c16-4297-4d67-83c2-82f8758216cb",,Completed,66,Free
641,Frederiks Martini,19,0,1,2024-01-22 00:57:50.664,"8c6eed8f-be04-483b-9cdb-9288cc1c87ba",,Completed,66,Free
642,Frederiks Martini,19,0,1,2024-01-22 00:58:21.092,a73be5f6-735a-49c1-b0b3-ab5a420eac3c,,Completed,66,Free
643,Omids Kakao,18,0,10,2024-01-22 11:42:02.216,"173d5c45-2b1c-4fea-b919-12c4a6e5e162",,Completed,66,Free
644,Frederiks Martini,19,0,1,2024-02-01 15:49:32.854,be9627c8-60cc-47fd-94ba-42499224fcc3,,Completed,66,Free
645,Frederiks Martini,19,0,1,2024-02-07 21:06:03.040,"74970c77-49e5-4eab-9e74-0283212f1e61",,Completed,66,Free
646,Frederiks Martini,19,0,1,2024-02-07 21:32:52.460,dcabf278-71e9-4aaf-9bc3-f5bced0c2fb3,,Completed,66,Free
