"Id","Code","DateCreated","DateUsed","Description","Requester","Product_Id","User_Id","PurchaseId"
1,THORHAGAN,2020-09-06 00:00:00.000,2020-09-06 14:55:40.567,,,5,42,84
3,omid,2020-09-06 00:00:00.000,2022-08-21 17:08:02.461,,,7,55,135
104,ESP-IO0NAS,2022-08-21 00:00:00.000,2023-05-13 21:34:11.520,,,7,64,472
105,ESP-PZ9TKR,2022-08-21 00:00:00.000,2022-08-26 07:14:07.615,,,7,55,145
106,ESP-65KP2B,2022-08-21 00:00:00.000,2022-08-26 06:37:32.196,,,7,55,143
107,ESP-K9J824,2022-08-21 00:00:00.000,2022-08-26 06:37:46.912,,,7,55,144
108,ESP-Z9FQEV,2022-08-21 00:00:00.000,2023-08-15 18:40:24.507,,,7,64,563
109,ESP-S949QQ,2022-08-21 00:00:00.000,,,,7,,
110,ESP-MYWZ7O,2022-08-21 00:00:00.000,,,,7,,
111,ESP-A9S6SI,2022-08-21 00:00:00.000,,,,7,,
112,ESP-H8NUT3,2022-08-21 00:00:00.000,,,,7,,
113,ESP-OHX3KV,2022-08-21 00:00:00.000,,,,7,,
114,ESP-TB1FBC,2022-08-21 00:00:00.000,,,,7,,
115,ESP-UAQFMM,2022-08-21 00:00:00.000,,,,7,,
116,ESP-D9ZQIQ,2022-08-21 00:00:00.000,,,,7,,
117,ESP-6OBUEF,2022-08-21 00:00:00.000,,,,7,,
118,ESP-7IGHQ6,2022-08-21 00:00:00.000,,,,7,,
119,ESP-JIST9Y,2022-08-21 00:00:00.000,,,,7,,
120,ESP-LQT7WV,2022-08-21 00:00:00.000,,,,7,,
121,ESP-FSBH4J,2022-08-21 00:00:00.000,,,,7,,
122,ESP-D6RZUO,2022-08-21 00:00:00.000,,,,7,,
123,ESP-EMBT7M,2022-08-21 00:00:00.000,,,,7,,
124,ESP-PBRXIR,2022-08-21 00:00:00.000,,,,7,,
125,ESP-BKPMY3,2022-08-21 00:00:00.000,,,,7,,
126,ESP-00CHPH,2022-08-21 00:00:00.000,,,,7,,
127,ESP-KJDCPI,2022-08-21 00:00:00.000,,,,7,,
128,ESP-WADQ2T,2022-08-21 00:00:00.000,,,,7,,
129,ESP-9BGH3W,2022-08-21 00:00:00.000,,,,7,,
130,ESP-PY13A7,2022-08-21 00:00:00.000,,,,7,,
131,ESP-ID7DM8,2022-08-21 00:00:00.000,,,,7,,
132,ESP-8GAKNI,2022-08-21 00:00:00.000,,,,7,,
133,ESP-0NBBG5,2022-08-21 00:00:00.000,,,,7,,
134,ESP-A2PF4Z,2022-08-21 00:00:00.000,,,,7,,
135,ESP-EJ9FXU,2022-08-21 00:00:00.000,,,,7,,
136,ESP-DHHCFJ,2022-08-21 00:00:00.000,,,,7,,
137,ESP-AMW08N,2022-08-21 00:00:00.000,,,,7,,
138,ESP-C6SM2Y,2022-08-21 00:00:00.000,,,,7,,
139,ESP-RGD0AR,2022-08-21 00:00:00.000,,,,7,,
140,ESP-AFW0KG,2022-08-21 00:00:00.000,,,,7,,
141,ESP-4SSJ1J,2022-08-21 00:00:00.000,,,,7,,
142,ESP-CSI5SA,2022-08-21 00:00:00.000,,,,7,,
143,ESP-NLUI44,2022-08-21 00:00:00.000,,,,7,,
144,ESP-BCWNPQ,2022-08-21 00:00:00.000,,,,7,,
145,ESP-AQMDZV,2022-08-21 00:00:00.000,,,,7,,
146,ESP-6MUX6N,2022-08-21 00:00:00.000,,,,7,,
147,ESP-UO5SKL,2022-08-21 00:00:00.000,,,,7,,
148,ESP-3OLQCY,2022-08-21 00:00:00.000,,,,7,,
149,ESP-CTHT6I,2022-08-21 00:00:00.000,,,,7,,
150,ESP-ZICBVO,2022-08-21 00:00:00.000,,,,7,,
151,ESP-JRWJFB,2022-08-21 00:00:00.000,,,,7,,
152,ESP-LG5SOW,2022-08-21 00:00:00.000,,,,7,,
153,ESP-7CJP3N,2022-08-21 00:00:00.000,,,,7,,
154,ESP-H7K08L,2022-08-21 00:00:00.000,,,,7,,
155,ESP-ZD508X,2022-08-21 00:00:00.000,,,,7,,
156,ESP-Q3W7ZD,2022-08-21 00:00:00.000,,,,7,,
157,ESP-J69DJJ,2022-08-21 00:00:00.000,,,,7,,
158,ESP-9FWX3X,2022-08-21 00:00:00.000,,,,7,,
159,ESP-6TIY5P,2022-08-21 00:00:00.000,,,,7,,
160,ESP-F13DNE,2022-08-21 00:00:00.000,,,,7,,
161,ESP-DDAK5S,2022-08-21 00:00:00.000,,,,7,,
162,ESP-9XXJHR,2022-08-21 00:00:00.000,,,,7,,
163,ESP-E6QDCX,2022-08-21 00:00:00.000,,,,7,,
164,ESP-VBVQCN,2022-08-21 00:00:00.000,,,,7,,
165,ESP-1JJ6BK,2022-08-21 00:00:00.000,,,,7,,
166,ESP-VCY5ZM,2022-08-21 00:00:00.000,,,,7,,
167,ESP-CE3G0M,2022-08-21 00:00:00.000,,,,7,,
168,ESP-0IDXGQ,2022-08-21 00:00:00.000,,,,7,,
169,ESP-5GMSIF,2022-08-21 00:00:00.000,,,,7,,
170,ESP-23HGDN,2022-08-21 00:00:00.000,,,,7,,
171,ESP-JOAU5J,2022-08-21 00:00:00.000,,,,7,,
172,ESP-FQ7X1S,2022-08-21 00:00:00.000,,,,7,,
173,ESP-T77N9K,2022-08-21 00:00:00.000,,,,7,,
174,ESP-YZOJB0,2022-08-21 00:00:00.000,,,,7,,
175,ESP-Q6D4BS,2022-08-21 00:00:00.000,,,,7,,
176,ESP-GN3HGJ,2022-08-21 00:00:00.000,,,,7,,
177,ESP-0PF9KM,2022-08-21 00:00:00.000,,,,7,,
178,ESP-B61I2P,2022-08-21 00:00:00.000,,,,7,,
179,ESP-SU2FPP,2022-08-21 00:00:00.000,,,,7,,
180,ESP-M0LKKU,2022-08-21 00:00:00.000,,,,7,,
181,ESP-3OSRCY,2022-08-21 00:00:00.000,,,,7,,
182,ESP-G9MJZG,2022-08-21 00:00:00.000,,,,7,,
183,ESP-J367KP,2022-08-21 00:00:00.000,,,,7,,
184,ESP-QNSBML,2022-08-21 00:00:00.000,,,,7,,
185,ESP-KCO7DC,2022-08-21 00:00:00.000,,,,7,,
186,ESP-W8SKSG,2022-08-21 00:00:00.000,,,,7,,
187,ESP-5CJ8P3,2022-08-21 00:00:00.000,,,,7,,
188,ESP-DTUJ9H,2022-08-21 00:00:00.000,,,,7,,
189,ESP-5ZV1PQ,2022-08-21 00:00:00.000,,,,7,,
190,ESP-70L2D4,2022-08-21 00:00:00.000,,,,7,,
191,ESP-NIPY4W,2022-08-21 00:00:00.000,,,,7,,
192,ESP-7KNRKS,2022-08-21 00:00:00.000,,,,7,,
193,ESP-DLG8T7,2022-08-21 00:00:00.000,,,,7,,
194,ESP-33THPN,2022-08-21 00:00:00.000,,,,7,,
195,ESP-Q5K014,2022-08-21 00:00:00.000,,,,7,,
196,ESP-5UBP45,2022-08-21 00:00:00.000,,,,7,,
197,ESP-AQ8HR4,2022-08-21 00:00:00.000,,,,7,,
198,ESP-FPVPPT,2022-08-21 00:00:00.000,,,,7,,
199,ESP-BFRRIS,2022-08-21 00:00:00.000,,,,7,,
200,ESP-VYKZ1C,2022-08-21 00:00:00.000,,,,7,,
201,ESP-T4JA2U,2022-08-21 00:00:00.000,,,,7,,
202,ESP-60OW8R,2022-08-21 00:00:00.000,,,,7,,
203,ESP-57RMB5,2022-08-21 00:00:00.000,2022-08-21 17:17:26.855,,,7,55,136
204,AZ2MZH,2022-11-02 11:48:04.980,,,,6,,
205,KY87BK,2022-11-02 11:48:04.980,,,,6,,
206,F305V9,2022-11-02 11:48:04.980,,,,6,,
207,YCN8BH,2022-11-02 11:48:04.980,,,,6,,
208,PFSD95,2022-11-02 11:48:04.980,,,,6,,
209,"384G5D",2022-11-02 11:48:04.980,,,,6,,
210,M3JU14,2022-11-02 11:48:04.980,,,,6,,
211,"0GKYZI",2022-11-02 11:48:04.980,,,,6,,
212,HVWQ69,2022-11-02 11:48:04.980,,,,6,,
213,BCYU6U,2022-11-02 11:48:04.980,,,,6,,
214,A4M0B1,2022-11-02 12:15:55.538,,,,6,,
215,F950Z4,2022-11-02 12:15:55.538,,,,6,,
216,MCQVET,2022-11-02 12:15:55.538,,,,6,,
217,D0UJ13,2022-11-02 12:15:55.538,,,,6,,
218,"0IHG9E",2022-11-02 12:15:55.538,,,,6,,
219,PB6RNZ,2022-11-02 12:15:55.538,2022-11-08 16:35:27.734,,,6,67,175
220,IIUQG7,2022-11-02 12:15:55.538,,,,6,,
221,"18SHMD",2022-11-02 12:15:55.538,,,,6,,
222,LTMN14,2022-11-02 12:15:55.538,,,,6,,
223,H0CTA2,2022-11-02 12:15:55.538,,,,6,,
224,"1N7M5H",2022-11-29 18:02:01.829,,,,6,,
225,"4TAM9M",2022-11-29 18:02:01.829,,,,6,,
226,"2FQA86",2022-11-29 18:02:01.829,,,,6,,
227,"75NJR7",2022-11-29 18:02:01.829,,,,6,,
228,VEO6YM,2022-11-29 18:02:01.829,,,,6,,
229,YNJ9ES,2022-11-29 18:02:01.829,,,,6,,
230,"9GW49X",2022-11-29 18:02:01.829,,,,6,,
231,"9U3BW3",2022-11-29 18:02:01.829,,,,6,,
232,Y5UWSH,2022-11-29 18:02:01.829,,,,6,,
233,JS5910,2022-11-29 18:02:01.829,,,,6,,
234,"72DW9J",2022-11-29 18:11:50.544,,,,6,,
235,E5SK77,2022-11-29 18:11:50.544,,,,6,,
236,OUMHGX,2022-11-29 18:11:50.544,,,,6,,
237,I452K7,2022-11-29 18:11:50.544,,,,6,,
238,SWS25J,2022-11-29 18:11:50.544,,,,6,,
239,BLMLOY,2022-11-29 18:11:50.544,,,,6,,
240,KKG7JO,2022-11-29 18:11:50.544,,,,6,,
241,NDRASP,2022-11-29 18:11:50.544,,,,6,,
242,OB1BUH,2022-11-29 18:11:50.544,,,,6,,
243,MFSGDN,2022-11-29 18:11:50.544,2023-09-23 19:24:42.361,,,6,64,604
244,ABC-G65SJN,2022-11-29 18:15:46.621,2023-09-22 19:54:26.015,,,6,64,601
245,tes-NIYXMJN2,2023-10-05 18:51:31.566,,Test,Tester,1,,
246,tes-M5D6G1SL,2023-10-05 19:05:47.745,,Test,Tester,1,,
247,tes-33J5UY66,2023-10-05 19:06:52.827,,Test,Tester,1,,
248,tes-BIX8T0TF,2023-10-05 19:06:55.923,,Test,Tester,1,,
249,tes-M5ND2B74,2023-10-05 19:10:00.052,,Test,Tester,1,,
250,tes-TY1SCT2G,2023-10-05 19:10:00.052,,Test,Tester,1,,
251,tes-SDI8OVDI,2023-10-05 19:10:00.052,,Test,Tester,1,,
252,tes-SQXBROX1,2023-10-05 19:10:04.068,,Test,Tester,1,,
253,tes-UDTLB0FY,2023-10-05 19:10:04.068,,Test,Tester,1,,
254,tes-FA6IMLV3,2023-10-05 19:10:04.068,,Test,Tester,1,,
255,tes-EI2DM221,2023-10-05 20:01:54.475,,Test,Tester,1,,
256,tes-IJHSS0UJ,2023-10-05 20:14:45.093,,Test,Tester,1,,
257,tes-U20REWHD,2023-10-05 20:18:06.185,,Test,Tester,1,,
258,tes-SF09TI9H,2023-10-05 20:18:12.675,,Test,Tester,1,,
259,tes-H01U7FXA,2023-10-05 20:18:23.981,,Test,Tester,1,,
260,tes-4TO7HGPG,2023-10-05 20:18:48.153,,Test,Tester,1,,
261,tes-A8ORLT8G,2023-10-05 20:19:58.987,,Test,Tester,1,,
262,tes-RG793907,2023-10-05 20:20:00.387,,Test,Tester,1,,
263,tes-OII7DVL1,2023-10-05 20:20:02.010,,Test,Tester,1,,
264,tes-18AR5NOV,2023-10-05 20:25:16.825,,Test,Tester,1,,
265,tes-2EID53RQ,2023-10-05 20:28:42.533,,Test,Tester,1,,
266,tes-ZPBWCO3A,2023-10-05 20:29:00.772,,Test,Tester,1,,
267,tes-R5XCEQSC,2023-10-05 20:29:11.365,,Test,Tester,1,,
268,tes-0DANRY5F,2023-10-05 20:29:24.424,,Test,Tester,1,,
269,tes-0OZKP316,2023-10-05 20:29:24.424,,Test,Tester,1,,
270,tes-PIISDBUX,2023-10-05 20:29:24.424,,Test,Tester,1,,
271,tes-CJ48DZL1,2023-10-05 20:29:32.222,,Test,Tester,1,,
272,tes-M06SJI27,2023-10-05 20:29:32.222,,Test,Tester,1,,
273,tes-YLGBREFL,2023-10-05 20:29:32.222,,Test,Tester,1,,
274,tes-HS60AJBO,2023-10-05 20:29:33.742,,Test,Tester,1,,
275,tes-F7FXVN3S,2023-10-05 20:29:33.742,,Test,Tester,1,,
276,tes-9WFDEA8N,2023-10-05 20:29:33.742,,Test,Tester,1,,
277,tes-TUT5RGMZ,2023-10-05 20:30:44.945,,Test,Tester,1,,
278,tes-77P5W8VV,2023-10-05 20:30:44.946,,Test,Tester,1,,
279,tes-WTSJY6F4,2023-10-05 20:30:44.946,,Test,Tester,1,,
280,tes-8OFOY1M0,2023-10-05 20:30:55.174,,Test,Tester,1,,
281,tes-PREZUKEN,2023-10-05 20:30:55.174,,Test,Tester,1,,
282,tes-KMVKN1UU,2023-10-05 20:30:55.174,,Test,Tester,1,,
283,tes-S0EC8NEO,2023-10-05 20:31:15.791,,Test,Tester,1,,
284,tes-RYI1JBFF,2023-10-05 20:31:15.791,,Test,Tester,1,,
285,tes-ZHE3UHJH,2023-10-05 20:31:15.791,,Test,Tester,1,,
286,tes-36L77FSZ,2023-10-05 20:31:29.094,,Test,Tester,1,,
287,tes-EM4612S2,2023-10-05 20:31:29.094,,Test,Tester,1,,
288,tes-KBSM3GAT,2023-10-05 20:31:29.094,,Test,Tester,1,,
289,tes-SDOT6HNB,2023-10-05 20:33:11.359,,Test,Tester,1,,
290,tes-4UI1M6OJ,2023-10-05 20:33:11.359,,Test,Tester,1,,
291,tes-VE2TEC66,2023-10-05 20:33:11.359,,Test,Tester,1,,
292,tes-2WF9N9IU,2023-10-05 20:33:24.415,,Test,Tester,1,,
293,tes-ABDXT2YV,2023-10-05 20:33:24.415,,Test,Tester,1,,
294,tes-K83P7MVE,2023-10-05 20:33:24.415,,Test,Tester,1,,
295,tes-N1Z9CQ0F,2023-10-05 20:34:12.105,,Test,Tester,1,,
296,tes-1FQMCV3W,2023-10-05 20:34:12.105,,Test,Tester,1,,
297,tes-TSN71JLU,2023-10-05 20:34:12.105,,Test,Tester,1,,
298,tes-0FFMV14Q,2023-10-05 20:34:33.123,,Test,Tester,1,,
299,tes-I86DSBXR,2023-10-05 20:34:33.123,,Test,Tester,1,,
300,tes-0CCUQXS0,2023-10-05 20:34:33.123,,Test,Tester,1,,
301,tes-EDJZFIVD,2023-10-05 20:36:10.115,,T,Tester,1,,
302,tes-4QY55T0Q,2023-10-05 20:36:10.115,,T,Tester,1,,
303,tes-267PLRCG,2023-10-05 20:36:10.115,,T,Tester,1,,
304,tes-79QH9IYJ,2023-10-05 20:44:04.988,,Test,Tester,1,,
305,tes-2K04NLA5,2023-10-05 20:44:04.988,,Test,Tester,1,,
306,tes-8LADDP3P,2023-10-05 20:44:04.988,,Test,Tester,1,,
307,tes-6B79HVPC,2023-10-05 20:45:54.699,,Test,Tester,1,,
308,tes-44JDARV4,2023-10-05 20:45:54.699,,Test,Tester,1,,
309,tes-T30796MX,2023-10-05 20:45:54.699,,Test,Tester,1,,
310,tes-LFOV1N7I,2023-10-05 20:46:05.850,,Test,Tester,1,,
311,tes-UCOZ4H9A,2023-10-05 20:46:05.850,,Test,Tester,1,,
312,tes-NBHGG85X,2023-10-05 20:46:05.850,,Test,Tester,1,,
313,tes-F7K71I1N,2023-10-05 20:46:26.469,,Test,Tester,1,,
314,tes-RKS6IPNB,2023-10-05 20:46:26.469,,Test,Tester,1,,
315,tes-Q8JUJ17Q,2023-10-05 20:46:26.469,,Test,Tester,1,,
316,tes-B2RPAEZY,2023-10-05 20:47:57.834,,Test,Tester,1,,
317,tes-FEIOPWN9,2023-10-05 20:47:57.834,,Test,Tester,1,,
318,tes-O6DHJGAC,2023-10-05 20:47:57.834,,Test,Tester,1,,
319,tes-U48Y4KUX,2023-10-05 20:53:14.597,,Test,Tester,1,,
320,tes-AEW2C5XH,2023-10-05 20:53:14.597,,Test,Tester,1,,
321,tes-EU290RQR,2023-10-05 20:53:14.597,,Test,Tester,1,,
322,tes-XUB0VDFZ,2023-10-05 20:53:38.799,,Test,Tester,1,,
323,tes-2XJ9CF78,2023-10-05 20:53:38.799,,Test,Tester,1,,
324,tes-7051JJ8K,2023-10-05 20:53:38.799,,Test,Tester,1,,
325,tes-OAHOISE6,2023-10-05 20:53:43.090,,Test,Tester,1,,
326,tes-X5R2J5C1,2023-10-05 20:53:48.410,,Test,Tester,1,,
327,tes-ZAUI4JC7,2023-10-05 20:53:48.410,,Test,Tester,1,,
328,tes-ITDWVACU,2023-10-05 20:53:48.410,,Test,Tester,1,,
329,tes-FN4S1868,2023-10-05 20:53:48.410,,Test,Tester,1,,
330,tes-Y54GDE40,2023-10-05 20:53:48.410,,Test,Tester,1,,
331,tes-UHTQ7IN7,2023-10-05 20:53:48.410,,Test,Tester,1,,
332,tes-BUDICQ54,2023-10-05 20:53:48.410,,Test,Tester,1,,
333,tes-Z1A6F7M8,2023-10-05 20:53:48.410,,Test,Tester,1,,
334,tes-ZXCOO1EG,2023-10-05 20:53:48.410,,Test,Tester,1,,
335,tes-ZN6V18OE,2023-10-05 20:53:48.410,,Test,Tester,1,,
336,tes-NGQAKQ5P,2023-10-05 21:30:21.604,,T,Tester,1,,
337,tes-CL6GH1IM,2023-10-05 21:34:09.843,,Test,Tester,1,,
338,tes-LDHF2SZZ,2023-10-05 21:34:13.457,,Test,Tester,1,,
339,tes-45331EW9,2023-10-05 21:34:13.457,,Test,Tester,1,,
340,tes-K67UBEWO,2023-10-05 21:34:13.457,,Test,Tester,1,,
341,tes-BDJPNTJ7,2023-10-12 14:30:33.260,,TEst,Tester,1,,
342,tes-M1MS8MEQ,2023-10-12 14:30:40.115,,TEst,Tester,1,,
343,tes-2PZZES2V,2023-10-12 14:30:40.115,,TEst,Tester,1,,
344,tes-3R3R5JKL,2023-10-12 14:35:12.544,,TEst,Tester,1,,
345,tes-QYVWH5FZ,2023-10-12 14:35:12.544,,TEst,Tester,1,,
346,tes-D5DRA6O7,2023-10-12 15:37:56.332,,"2",Tester,1,,
347,tes-HRDNPP0P,2023-10-12 15:38:00.265,,"2",Tester,1,,
348,tes-HGMP81DC,2023-10-12 15:38:00.265,,"2",Tester,1,,
349,tes-PPW8HH29,2023-10-12 15:43:22.253,,Test,Tester,1,,
350,tes-O5L97BPR,2023-10-12 15:43:22.253,,Test,Tester,1,,
351,tes-RB5409QW,2023-10-12 15:47:32.658,,Test,Tester,1,,
352,tes-L6POP9ZE,2023-10-12 15:47:32.658,,Test,Tester,1,,
353,tes-SHPOEEWP,2023-10-12 15:50:15.278,,Test,Tester,1,,
354,tes-9CEMIMCA,2023-10-12 15:50:15.278,,Test,Tester,1,,
355,tes-24HX7M9S,2023-10-12 15:50:15.278,,Test,Tester,1,,
356,tes-ZRUEIBEX,2023-10-12 15:57:15.865,,Test,Tester,1,,
357,tes-FJI71RJE,2023-10-12 15:57:15.865,,Test,Tester,1,,
358,tes-B1XIRTY5,2023-10-12 15:57:15.865,,Test,Tester,1,,
359,tes-4EXMM4VK,2023-10-12 16:01:32.982,,Test,Tester,1,,
360,tes-FW7QH6GO,2023-10-12 16:01:32.982,,Test,Tester,1,,
361,tes-HLD81C2D,2023-10-12 16:01:32.982,,Test,Tester,1,,
362,tes-5Z9VXLXX,2023-10-12 16:04:05.018,,Test,Tester,1,,
363,tes-3B38XV9K,2023-10-12 16:04:05.018,,Test,Tester,1,,
364,tes-ZO14MC0D,2023-10-12 16:04:05.018,,Test,Tester,1,,
365,tes-ZL5UHXKU,2023-10-12 16:04:26.503,,Test,Tester,1,,
366,tes-7FE4NW28,2023-10-12 16:04:26.503,,Test,Tester,1,,
367,tes-XZWUVUXO,2023-10-12 16:04:26.503,,Test,Tester,1,,
368,tes-AP16ASC2,2023-10-12 16:04:41.020,,test,Tester,1,,
369,tes-CY1OBUKZ,2023-10-12 16:05:10.065,,test,Tester,1,,
370,tes-ANVHE329,2023-10-12 16:05:10.065,,test,Tester,1,,
371,tes-10H79FL1,2023-10-12 16:05:10.065,,test,Tester,1,,
372,tes-YL01XHA6,2023-10-12 16:05:10.065,,test,Tester,1,,
373,tes-7N7291O0,2023-10-12 16:05:10.065,,test,Tester,1,,
374,tes-2ZTV4UHO,2023-10-12 16:05:10.065,,test,Tester,1,,
375,tes-7IREFAYX,2023-10-12 16:05:10.065,,test,Tester,1,,
376,tes-W2JIM89T,2023-10-12 16:05:10.065,,test,Tester,1,,
377,tes-P1A32WH2,2023-10-12 16:05:10.065,,test,Tester,1,,
378,tes-4QDFLLZE,2023-10-12 16:05:10.065,,test,Tester,1,,
379,tes-88ZZY5R4,2023-10-12 16:05:10.706,,Test,Tester,1,,
380,tes-FEL1MFYE,2023-10-12 16:05:10.706,,Test,Tester,1,,
381,tes-PH138519,2023-10-12 16:05:10.706,,Test,Tester,1,,
382,tes-YK59CV8O,2023-10-12 16:11:04.588,,Test,Tester,1,,
383,tes-QTUKRMI1,2023-10-12 16:11:04.588,,Test,Tester,1,,
384,tes-EEIULCNL,2023-10-12 16:11:04.588,,Test,Tester,1,,
385,tes-PFEJNC6A,2023-10-12 16:11:04.588,,Test,Tester,1,,
386,tes-0ZXSVG0W,2023-10-12 16:11:04.588,,Test,Tester,1,,
387,tes-QDBMQ0W7,2023-10-12 16:11:09.748,,Test,Tester,1,,
388,tes-KNT4KQ2R,2023-10-12 16:11:09.748,,Test,Tester,1,,
389,tes-HPCTYCIQ,2023-10-12 16:11:09.748,,Test,Tester,1,,
390,tes-30LNTVZS,2023-10-12 16:11:09.748,,Test,Tester,1,,
391,tes-1M26DD3J,2023-10-12 16:11:09.748,,Test,Tester,1,,
392,tes-OTL112A3,2023-10-12 16:11:09.748,,Test,Tester,1,,
393,tes-WJ09GGXO,2023-10-12 16:11:09.748,,Test,Tester,1,,
394,tes-4ZJ12RGE,2023-10-12 16:11:09.748,,Test,Tester,1,,
395,tes-MIRIV9ED,2023-10-12 16:11:09.748,,Test,Tester,1,,
396,tes-DDC8089C,2023-10-12 16:11:09.748,,Test,Tester,1,,
397,tes-QKUAFVZC,2023-10-12 16:12:17.711,,Test,Tester,1,,
398,tes-7XAPBSM0,2023-10-12 16:12:17.711,,Test,Tester,1,,
399,tes-HFWUYU0G,2023-10-12 16:12:17.711,,Test,Tester,1,,
400,tes-0F8BQ9D9,2023-10-12 16:12:17.711,,Test,Tester,1,,
401,tes-BTDG8RXO,2023-10-12 16:12:17.711,,Test,Tester,1,,
402,tes-9ZMIFIFM,2023-10-12 16:12:28.101,,Test,Tester,1,,
403,tes-NZD1WIKN,2023-10-12 16:12:28.101,,Test,Tester,1,,
404,tes-HYZRNU3M,2023-10-12 16:12:28.101,,Test,Tester,1,,
405,tes-47V5TKBK,2023-10-12 16:12:28.101,,Test,Tester,1,,
406,tes-UIS8NK8H,2023-10-12 16:12:28.101,,Test,Tester,1,,
407,tes-UYWT4PNB,2023-10-12 16:13:27.146,,Tes<,Tester,1,,
408,tes-2LJ43AHW,2023-10-12 16:13:27.146,,Tes<,Tester,1,,
409,tes-7CC4EXVH,2023-10-12 16:13:27.146,,Tes<,Tester,1,,
410,tes-KPSGZ7MI,2023-10-12 16:13:27.146,,Tes<,Tester,1,,
411,tes-JP36C4WI,2023-10-12 16:13:27.146,,Tes<,Tester,1,,
412,tes-2ECFO9AM,2023-10-12 16:30:44.161,,Test,Tester,1,,
413,tes-UJNLYD4I,2023-10-12 16:30:44.161,,Test,Tester,1,,
414,tes-3YWKLHZZ,2023-10-12 16:30:44.161,,Test,Tester,1,,
415,tes-4EO835G4,2023-10-12 16:30:44.161,,Test,Tester,1,,
416,tes-81HRE790,2023-10-12 16:30:44.161,,Test,Tester,1,,
417,tes-US14A43B,2023-10-12 16:31:27.444,,Test,Tester,1,,
418,tes-HPACSVDP,2023-10-12 16:31:27.444,,Test,Tester,1,,
419,tes-DZPPI5PR,2023-10-12 16:31:27.444,,Test,Tester,1,,
420,tes-S0SGK71K,2023-10-12 16:31:27.444,,Test,Tester,1,,
421,tes-VM4AWHC6,2023-10-12 16:31:27.444,,Test,Tester,1,,
422,tes-91HDSK7R,2023-10-12 16:32:06.393,,Test,Tester,1,,
423,tes-51UG4C6C,2023-10-12 16:32:06.393,,Test,Tester,1,,
424,tes-0GTKCBLW,2023-10-12 16:32:06.393,,Test,Tester,1,,
425,tes-L6677TRD,2023-10-12 16:32:06.393,,Test,Tester,1,,
426,tes-A2MLJW88,2023-10-12 16:32:06.393,,Test,Tester,1,,
427,tes-7KOJ4B6Y,2023-10-12 16:36:02.307,,Test,Tester,1,,
428,tes-GWWR8VUK,2023-10-12 16:36:02.307,,Test,Tester,1,,
429,tes-24EQ2414,2023-10-12 16:37:16.329,,Test,Tester,1,,
430,tes-AO8SXIS2,2023-10-12 16:37:16.329,,Test,Tester,1,,
431,tes-YQEJ91A4,2023-10-12 16:37:16.329,,Test,Tester,1,,
432,tes-ZV608NX2,2023-10-12 16:37:16.329,,Test,Tester,1,,
433,tes-SRFLO8PO,2023-10-12 16:37:16.329,,Test,Tester,1,,
434,tes-ZRIGHY0L,2023-10-12 16:38:47.576,,Test,Tester,1,,
435,tes-RHSVDZGG,2023-10-12 16:38:47.576,,Test,Tester,1,,
436,tes-02BRAYSE,2023-10-12 16:38:47.576,,Test,Tester,1,,
437,tes-I2L9TA6J,2023-10-12 16:38:47.576,,Test,Tester,1,,
438,tes-CWZXTBVJ,2023-10-12 16:38:47.576,,Test,Tester,1,,
439,tes-HXLUUJ72,2023-10-12 16:38:47.576,,Test,Tester,1,,
440,tes-BX6H1CVR,2023-10-12 16:46:33.197,,test,Tester,1,,
441,tes-HISJFLLC,2023-10-12 16:46:33.197,,test,Tester,1,,
442,tes-QAFZ4ZD5,2023-10-12 21:04:16.573,,Test,Tester,1,,
443,tes-0D88QDO0,2023-10-12 21:04:16.573,,Test,Tester,1,,
444,tes-UC40KAM8,2023-10-12 21:04:16.573,,Test,Tester,1,,
445,tes-USH7PY8P,2023-10-12 21:04:16.573,,Test,Tester,1,,
446,tes-TK4HA8PV,2023-10-12 21:04:16.573,,Test,Tester,1,,
447,tes-KWNGY8N1,2023-10-12 21:25:18.037,,"5",Tester,1,,
448,tes-HVUB9IBK,2023-10-12 21:25:18.037,,"5",Tester,1,,
449,tes-S2T0XOGK,2023-10-12 21:37:25.784,,Test,Tester,1,,
450,tes-371HSK9A,2023-10-12 21:37:25.784,,Test,Tester,1,,
451,tes-FRC9PMF4,2023-10-12 21:37:25.784,,Test,Tester,1,,
452,tes-59RRJ000,2023-10-12 21:37:33.292,,Test,Tester,1,,
453,tes-H8872DT9,2023-10-12 21:37:33.292,,Test,Tester,1,,
454,tes-ZPZH7IGI,2023-10-12 21:37:33.292,,Test,Tester,1,,
455,tes-EVQ3NK88,2023-10-12 21:37:33.292,,Test,Tester,1,,
456,tes-RYNPY1QW,2023-10-12 21:37:33.292,,Test,Tester,1,,
457,tes-TTE0JTLE,2023-10-12 21:37:33.292,,Test,Tester,1,,
458,tes-D7NUGJYD,2023-10-12 21:37:33.292,,Test,Tester,1,,
459,tes-Q55B8L54,2023-10-12 21:37:33.292,,Test,Tester,1,,
460,tes-DDD365CD,2023-10-12 21:37:33.292,,Test,Tester,1,,
461,tes-2LNEYV81,2023-10-12 21:37:33.292,,Test,Tester,1,,
462,TES-1LYQLMK3,2023-10-12 22:21:39.580,,Test,Tester,1,,
463,TES-M0YRX3ZD,2023-10-12 22:21:44.059,,Test,Tester,1,,
464,TES-J6PX1IVA,2023-10-12 22:21:44.059,,Test,Tester,1,,
465,TES-JD50XOJ7,2023-10-12 22:21:44.059,,Test,Tester,1,,
466,TES-FQ9QKL4S,2023-10-12 22:21:44.059,,Test,Tester,1,,
467,TES-QSYVZIID,2023-10-12 22:30:00.414,,Test,Tester,1,,
468,TES-OCEYEL6V,2023-10-12 22:30:00.414,,Test,Tester,1,,
469,TES-KTPTFUSP,2023-10-12 22:30:00.414,,Test,Tester,1,,
470,TES-U8CKRI9U,2023-10-12 22:31:57.992,,Test,Tester,1,,
471,TES-H43J32PD,2023-10-12 22:31:57.992,,Test,Tester,1,,
472,TES-MJJYZMEJ,2023-10-12 22:31:57.992,,Test,Tester,1,,
473,TES-3UWDMBC5,2023-10-12 22:31:57.992,,Test,Tester,1,,
474,TES-RNHA01NU,2023-10-12 22:32:28.179,,Test,Tester,1,,
475,TES-8SUSFCV2,2023-10-12 22:32:28.179,,Test,Tester,1,,
476,TES-85B0CKV9,2023-10-12 22:32:28.179,,Test,Tester,1,,
477,TES-44O3L293,2023-10-12 22:32:56.079,,Test,Tester,1,,
478,TES-FT180QWP,2023-10-12 22:32:56.079,,Test,Tester,1,,
479,TES-L3UUPV8C,2023-10-12 22:32:56.079,,Test,Tester,1,,
480,TES-EUW0SLHB,2023-10-12 22:34:42.174,,Test,Tester,1,,
481,TES-3N7ORC1T,2023-10-12 22:34:42.174,,Test,Tester,1,,
482,TES-6WRWK0MA,2023-10-12 22:34:42.174,,Test,Tester,1,,
483,TES-Q1Y3GKS9,2023-10-12 22:35:26.583,,Test,Tester,1,,
484,TES-PAJ5B3PX,2023-10-12 22:35:26.583,,Test,Tester,1,,
485,TES-XPSCYOQF,2023-10-12 22:35:26.583,,Test,Tester,1,,
486,TES-DZQJ9S97,2023-10-26 15:45:57.520,,Test,Test,1,,
487,TES-45PGTXSF,2023-10-26 15:45:57.520,,Test,Test,1,,
488,TES-L7V78BIQ,2023-10-26 15:45:57.520,,Test,Test,1,,
489,TES-JA4L8I52,2023-10-26 15:47:23.619,,Test,Test,1,,
490,TES-FP3XEHE0,2023-10-26 15:47:23.619,,Test,Test,1,,
491,TES-15BMYRR3,2023-10-26 15:47:23.619,,Test,Test,1,,
492,TES-0Z5HR0CG,2023-10-26 16:55:14.541,,Test,Test,1,,
493,TES-G6CCOFF7,2023-10-26 16:55:14.541,,Test,Test,1,,
494,TES-H0HRTJ43,2023-10-26 16:55:14.541,,Test,Test,1,,
495,TES-1ONTSSH7,2023-10-26 16:55:14.541,,Test,Test,1,,
496,TES-YCFTAD5P,2023-10-26 16:56:08.954,,TRe,Test,1,,
497,TES-4ZHHYI01,2023-10-26 16:56:08.954,,TRe,Test,1,,
498,TES-2GDI1ELM,2023-10-26 16:56:08.954,,TRe,Test,1,,
499,TES-U60BGC2Y,2023-10-26 16:56:08.954,,TRe,Test,1,,
500,TES-79EBM1GN,2023-10-26 17:05:50.813,,TRe,Test,1,,
501,TES-3EZ36J66,2023-10-26 17:05:50.813,,TRe,Test,1,,
502,TES-QH1LLQKQ,2023-10-26 17:05:50.813,,TRe,Test,1,,
503,TES-8PJM93O1,2023-10-26 17:05:50.813,,TRe,Test,1,,
504,TES-V2ATCG7L,2023-10-26 17:29:08.384,,tester,Test,1,,
505,TES-TQF4H2NR,2023-10-26 17:29:08.384,,tester,Test,1,,
506,TES-M9V073SA,2023-10-26 17:29:08.384,,tester,Test,1,,
507,TES-YDFPXGKW,2023-10-26 17:29:08.384,,tester,Test,1,,
508,TES-0B0ZDICT,2023-10-26 17:39:28.706,,Tes,T,1,,
509,TES-26IFCNT0,2023-10-26 17:39:28.706,,Tes,T,1,,
510,TES-3K46T415,2023-10-26 17:39:28.706,,Tes,T,1,,
511,TES-XOHGTDQZ,2023-10-26 17:44:36.431,,Test,Test,1,,
512,TES-NYYD8MZ7,2023-10-26 17:44:36.431,,Test,Test,1,,
513,TES-A2H365FD,2023-10-26 17:44:36.431,,Test,Test,1,,
514,TES-THBODJOM,2023-10-26 17:44:36.431,,Test,Test,1,,
515,TES-2K52GOY6,2023-10-26 17:45:13.160,,Te,Test,1,,
516,TES-TJQQ22VY,2023-10-26 17:45:13.160,,Te,Test,1,,
517,TES-5HV9GF85,2023-10-26 17:45:13.160,,Te,Test,1,,
518,TES-KJZLWWQP,2023-10-26 17:45:13.160,,Te,Test,1,,
519,TES-I9CY8Q9K,2023-10-26 17:46:11.626,,T,T,1,,
520,TES-L3L8021T,2023-10-26 17:47:28.973,,t,t,1,,
521,TES-B5UZYOSE,2023-10-26 17:47:28.973,,t,t,1,,
522,TES-VT2ITG6N,2023-10-26 17:47:28.973,,t,t,1,,
523,TES-EVDCF8Q3,2023-10-26 17:47:28.973,,t,t,1,,
524,TES-9T31F043,2023-10-26 18:03:54.020,,t,t,1,,
525,TES-JPSBJ5E2,2023-10-26 18:03:54.020,,t,t,1,,
526,TES-PDPNE90U,2023-10-26 18:03:54.020,,t,t,1,,
527,TES-I8W5M2S9,2023-10-26 18:05:18.416,,Te,Te,1,,
528,TES-CDOCQXQB,2023-10-26 18:05:18.416,,Te,Te,1,,
529,TES-BUR5ENHX,2023-10-26 18:05:18.416,,Te,Te,1,,
530,TES-RQUBN3NK,2023-10-26 18:05:18.416,,Te,Te,1,,
531,TES-E8RAPOFM,2023-10-26 18:05:18.416,,Te,Te,1,,
532,TES-KZJYCO7T,2023-10-26 18:06:20.125,,t,t,1,,
533,TES-AMAIGXPF,2023-10-26 18:06:20.125,,t,t,1,,
534,TES-44CC1A42,2023-10-26 18:06:20.125,,t,t,1,,
535,TES-SKWUGGTJ,2023-10-26 18:06:20.125,,t,t,1,,
536,TES-69GBF85I,2023-10-26 18:06:20.125,,t,t,1,,
537,TES-RHWG8OON,2023-10-26 18:09:35.270,,t,t,1,,
538,TES-8NVAMA74,2023-10-26 18:09:35.270,,t,t,1,,
539,TES-65PC6N2H,2023-10-26 18:09:35.270,,t,t,1,,
540,TES-VWBCSMR3,2023-10-26 18:09:35.270,,t,t,1,,
541,TES-BFJP47DP,2023-10-26 18:24:46.095,,T,T,1,,
542,TES-ME1N9B2W,2023-10-26 18:24:46.095,,T,T,1,,
543,TES-E4K1CNYV,2023-10-26 18:24:46.095,,T,T,1,,
544,TES-UTWU4AV0,2023-10-26 18:24:46.095,,T,T,1,,
545,TES-2U8Q989Z,2023-10-30 09:46:10.946,,Tester,Test,1,,
546,TES-T8EDMAEN,2023-10-30 09:46:10.946,,Tester,Test,1,,
547,TES-ATRT58XW,2023-10-30 09:46:10.946,,Tester,Test,1,,
548,TES-TVNB25A5,2023-10-30 09:46:19.677,,Tester,Test,1,,
549,TES-YFUJ1CBF,2023-11-02 16:54:17.651,,T,Test,1,,
550,TES-9IC5RKKS,2023-11-02 16:54:17.651,,T,Test,1,,
551,TES-W40XLFT1,2023-11-02 16:54:17.651,,T,Test,1,,
552,TES-VX9I36J8,2023-11-02 16:54:30.122,,TTT,Te,1,,
553,TES-DL46DEW5,2023-11-02 16:54:30.122,,TTT,Te,1,,
554,TES-BMQ0EPFN,2023-11-02 16:54:30.122,,TTT,Te,1,,
555,TES-PEEG0K6A,2023-11-02 16:54:31.553,,TTT,Te,1,,
556,TES-YPEMMER9,2023-11-02 16:54:31.553,,TTT,Te,1,,
557,TES-D39J0I5S,2023-11-02 16:54:31.553,,TTT,Te,1,,
558,TES-GSYV8T0T,2023-11-02 16:56:20.760,,Test,Test,1,,
559,TES-Z4GTRUEV,2023-11-02 16:56:20.760,,Test,Test,1,,
560,TES-YXQFWAH6,2023-11-02 16:56:20.760,,Test,Test,1,,
561,TES-C893ZYY6,2023-11-02 17:01:20.007,,T,Test,1,,
562,TES-TIR5GA8V,2023-11-02 17:01:20.007,,T,Test,1,,
563,TES-AITMS2E2,2023-11-02 17:01:20.007,,T,Test,1,,
564,TES-SZF694JL,2023-11-02 17:05:08.440,,T,Test,1,,
565,TES-AY3TJZ7G,2023-11-02 17:05:08.440,,T,Test,1,,
566,TES-B72P6XHH,2023-11-02 17:05:08.440,,T,Test,1,,
567,TES-C93TVVVO,2023-11-02 17:18:27.357,,T,Test,1,,
568,TES-FARE7U6M,2023-11-02 17:18:27.357,,T,Test,1,,
569,TES-JIRSJMAY,2023-11-02 17:18:27.357,,T,Test,1,,
570,TES-7IFYR1DI,2023-11-02 17:18:40.488,,T,Test,1,,
571,TES-BQB026KD,2023-11-02 17:18:40.488,,T,Test,1,,
572,TES-RMT64WIL,2023-11-02 17:18:40.488,,T,Test,1,,
573,TES-27J1T43K,2023-11-02 17:20:12.030,,Test,Test,1,,
574,TES-FBOQ2HFD,2023-11-02 17:20:12.030,,Test,Test,1,,
575,TES-SWBBIEBA,2023-11-02 17:20:12.030,,Test,Test,1,,
576,TES-T3ERJKZW,2023-11-02 17:20:18.659,,Test,Test,1,,
577,TES-PWGW9N3W,2023-11-02 17:20:18.659,,Test,Test,1,,
578,TES-HWUP2FBQ,2023-11-02 17:20:18.659,,Test,Test,1,,
579,TAS-O5MHH7PL,2023-11-02 17:20:21.027,,Test,Test,1,,
580,TAS-1FCWYCY5,2023-11-02 17:20:21.027,,Test,Test,1,,
581,TAS-LPF4860L,2023-11-02 17:20:21.027,,Test,Test,1,,
582,TAS-57SH773E,2023-11-02 17:22:22.086,,Test,Test,1,,
583,TAS-F7TDECDR,2023-11-02 17:22:22.086,,Test,Test,1,,
584,TAS-DT95II5K,2023-11-02 17:22:22.086,,Test,Test,1,,
585,TAS-1M4GMHJV,2023-11-02 17:22:22.086,,Test,Test,1,,
586,TAS-TL6JHHPB,2023-11-02 17:22:22.086,,Test,Test,1,,
587,TAS-ZCG5RO9V,2023-11-02 17:22:22.086,,Test,Test,1,,
588,TAS-8DKG0M3D,2023-11-02 17:22:22.086,,Test,Test,1,,
589,TAS-X2FELF2U,2023-11-02 17:22:22.086,,Test,Test,1,,
590,TAS-5UOKMGQR,2023-11-02 17:22:22.086,,Test,Test,1,,
591,TAS-QIENWT4C,2023-11-02 17:22:22.086,,Test,Test,1,,
592,TAS-8NS1LNX8,2023-11-02 17:22:22.086,,Test,Test,1,,
593,TAS-KN5XJSI9,2023-11-02 17:22:22.086,,Test,Test,1,,
594,TAS-A1IGQ3X9,2023-11-02 17:22:22.086,,Test,Test,1,,
595,TAS-M2YXZLAZ,2023-11-02 17:22:22.086,,Test,Test,1,,
596,TAS-MSUG7JAI,2023-11-02 17:22:22.086,,Test,Test,1,,
597,TAS-FVW9R0PC,2023-11-02 17:22:22.086,,Test,Test,1,,
598,TAS-2QK6Y87M,2023-11-02 17:22:22.086,,Test,Test,1,,
599,TAS-QT04W6X0,2023-11-02 17:22:22.086,,Test,Test,1,,
600,TAS-T2SLGG9S,2023-11-02 17:22:22.086,,Test,Test,1,,
601,TAS-KG0Z6Z77,2023-11-02 17:22:22.086,,Test,Test,1,,
602,TAS-HECYPNOJ,2023-11-02 17:22:22.086,,Test,Test,1,,
603,TAS-RDPA8BDN,2023-11-02 17:22:22.086,,Test,Test,1,,
604,TAS-5DI5AO8N,2023-11-02 17:22:22.086,,Test,Test,1,,
605,TAS-54CQO423,2023-11-02 17:22:22.086,,Test,Test,1,,
606,TAS-RQMIV6LC,2023-11-02 17:22:22.086,,Test,Test,1,,
607,TAS-2O11XDGH,2023-11-02 17:22:22.086,,Test,Test,1,,
608,TAS-TZC6HT4P,2023-11-02 17:22:22.086,,Test,Test,1,,
609,TAS-ZTB9OU9Z,2023-11-02 17:22:22.086,,Test,Test,1,,
610,TAS-LI42D7YO,2023-11-02 17:22:22.086,,Test,Test,1,,
611,TAS-2162JJB3,2023-11-02 17:22:22.086,,Test,Test,1,,
612,TAS-GS5QBVP3,2023-11-02 17:22:22.086,,Test,Test,1,,
613,TAS-H9KRZ8ZK,2023-11-02 17:22:22.086,,Test,Test,1,,
614,TAS-ZP4HLDBS,2023-11-02 17:22:22.086,,Test,Test,1,,
615,TAS-92O8BSYM,2023-11-02 17:22:22.086,,Test,Test,1,,
616,TAS-K94BN1B4,2023-11-02 17:22:22.086,,Test,Test,1,,
617,TAS-4KOGK32P,2023-11-02 17:22:22.086,,Test,Test,1,,
618,TAS-WNI3YOWU,2023-11-02 17:22:22.086,,Test,Test,1,,
619,TAS-VP03BF2D,2023-11-02 17:22:22.086,,Test,Test,1,,
620,TAS-UKWRQE4V,2023-11-02 17:22:22.086,,Test,Test,1,,
621,TAS-DB4ZNYQ5,2023-11-02 17:22:22.086,,Test,Test,1,,
622,TAS-BNO3RFC3,2023-11-02 17:22:22.086,,Test,Test,1,,
623,TAS-Y14QV7IZ,2023-11-02 17:22:22.086,,Test,Test,1,,
624,TAS-XSXH52KX,2023-11-02 17:22:22.086,,Test,Test,1,,
625,TAS-SQPDUR3P,2023-11-02 17:22:22.086,,Test,Test,1,,
626,TAS-M9KQJAFV,2023-11-02 17:22:22.086,,Test,Test,1,,
627,TAS-3HWD1UPX,2023-11-02 17:22:22.086,,Test,Test,1,,
628,TAS-4QTI8L4A,2023-11-02 17:22:22.086,,Test,Test,1,,
629,TAS-3E0TFEU7,2023-11-02 17:22:22.086,,Test,Test,1,,
630,TAS-Q3P956SV,2023-11-02 17:22:22.086,,Test,Test,1,,
631,TAS-0HTD9BIF,2023-11-02 17:22:22.086,,Test,Test,1,,
632,TES-H30K2M2E,2023-11-02 17:26:43.957,,Test,Test,1,,
633,TES-EZ6VP05D,2023-11-02 17:26:43.957,,Test,Test,1,,
634,TES-E68V2ZKL,2023-11-02 17:26:43.957,,Test,Test,1,,
635,TES-8GLDKX12,2023-11-02 17:26:43.957,,Test,Test,1,,
636,TES-RIEW84ZO,2023-11-02 17:26:43.957,,Test,Test,1,,
637,TES-6JXU61LO,2023-11-02 17:26:43.957,,Test,Test,1,,
638,TES-JQR5AE5U,2023-11-02 17:26:43.957,,Test,Test,1,,
639,TES-QK0GDIMQ,2023-11-02 17:26:43.957,,Test,Test,1,,
640,TES-FALFF2YG,2023-11-02 17:26:43.957,,Test,Test,1,,
641,TES-IPBDRILD,2023-11-02 17:26:43.957,,Test,Test,1,,
642,TES-WPE0VM7Z,2023-11-02 17:26:43.957,,Test,Test,1,,
643,TES-4PJG0AVW,2023-11-02 17:26:43.957,,Test,Test,1,,
644,TES-HRDI1YDW,2023-11-02 17:26:43.957,,Test,Test,1,,
645,TES-0C4TYJLD,2023-11-02 17:26:43.957,,Test,Test,1,,
646,TES-FMSZFLIB,2023-11-02 17:26:43.957,,Test,Test,1,,
647,TES-QAB1VC8L,2023-11-02 17:26:43.957,,Test,Test,1,,
648,TES-Q7CYLJP9,2023-11-02 17:26:43.957,,Test,Test,1,,
649,TES-VU1QQ1GM,2023-11-02 17:26:43.957,,Test,Test,1,,
650,TES-5KRTFKJ9,2023-11-02 17:26:43.957,,Test,Test,1,,
651,TES-ATE3M096,2023-11-02 17:26:43.957,,Test,Test,1,,
652,TES-G9TA9L2S,2023-11-02 17:26:43.957,,Test,Test,1,,
653,TES-7MMUCVUE,2023-11-02 17:26:43.957,,Test,Test,1,,
654,TES-U5P35S9M,2023-11-02 17:26:43.957,,Test,Test,1,,
655,TES-Q52UQH20,2023-11-02 17:26:43.957,,Test,Test,1,,
656,TES-X1EPYQM7,2023-11-02 17:26:43.957,,Test,Test,1,,
657,TES-YF2JIIJQ,2023-11-02 17:26:43.957,,Test,Test,1,,
658,TES-2VYHTKBN,2023-11-02 17:26:43.957,,Test,Test,1,,
659,TES-C0IC0RVJ,2023-11-02 17:26:43.957,,Test,Test,1,,
660,TES-DIWM86ML,2023-11-02 17:26:43.957,,Test,Test,1,,
661,TES-1PMQPETU,2023-11-02 17:26:43.957,,Test,Test,1,,
662,TES-XFK1V87Z,2023-11-02 17:26:43.957,,Test,Test,1,,
663,TES-M51HBJV8,2023-11-02 17:26:43.957,,Test,Test,1,,
664,TES-CDLK7C66,2023-11-02 17:26:43.957,,Test,Test,1,,
665,TES-F78U940N,2023-11-02 17:26:43.957,,Test,Test,1,,
666,TES-FS1CFH3B,2023-11-02 17:26:43.957,,Test,Test,1,,
667,TES-L17F85WQ,2023-11-02 17:26:43.957,,Test,Test,1,,
668,TES-MLDESNQK,2023-11-02 17:26:43.957,,Test,Test,1,,
669,TES-OV78AVMR,2023-11-02 17:26:43.957,,Test,Test,1,,
670,TES-CSQ4HWDK,2023-11-02 17:26:43.957,,Test,Test,1,,
671,TES-ISEU9M6L,2023-11-02 17:26:43.957,,Test,Test,1,,
672,TES-L27PQXKP,2023-11-02 17:26:43.957,,Test,Test,1,,
673,TES-N3Q3EKLP,2023-11-02 17:26:43.957,,Test,Test,1,,
674,TES-I9QJA0E3,2023-11-02 17:26:43.957,,Test,Test,1,,
675,TES-G4L9T9RW,2023-11-02 17:26:43.957,,Test,Test,1,,
676,TES-16CX5EIL,2023-11-02 17:26:43.957,,Test,Test,1,,
677,TES-CP7DVOL4,2023-11-02 17:26:43.957,,Test,Test,1,,
678,TES-DO1Y2I32,2023-11-02 17:26:43.957,,Test,Test,1,,
679,TES-IOOJ56GH,2023-11-02 17:26:43.957,,Test,Test,1,,
680,TES-HZ8ADO8A,2023-11-02 17:26:43.957,,Test,Test,1,,
681,TES-RDWK0FF6,2023-11-02 17:26:43.957,,Test,Test,1,,
682,TES-OXJX633P,2023-11-02 17:26:49.597,,Test,Test,1,,
683,TES-2IN0T9B2,2023-11-02 17:26:49.597,,Test,Test,1,,
684,TES-ZYY8OR7O,2023-11-02 17:26:49.597,,Test,Test,1,,
685,TES-NX6VX34F,2023-11-02 17:29:21.971,,Test,Test,1,,
686,TES-4WIQFZG5,2023-11-02 17:29:21.971,,Test,Test,1,,
687,TES-BU7PRCWB,2023-11-02 17:29:21.971,,Test,Test,1,,
688,TES-ZPZ8OJK5,2023-11-02 17:29:29.440,,Test,Test,1,,
689,TES-0TG1ZEI8,2023-11-02 17:29:29.440,,Test,Test,1,,
690,TES-PGLJJZF8,2023-11-02 17:29:29.440,,Test,Test,1,,
691,TES-GRX6300N,2023-11-02 17:29:29.440,,Test,Test,1,,
692,TES-BEMKGND7,2023-11-02 17:29:29.440,,Test,Test,1,,
693,TES-31HUWDY5,2023-11-02 17:29:29.440,,Test,Test,1,,
694,TES-I7RPIEVA,2023-11-02 17:29:29.440,,Test,Test,1,,
695,TES-SHT5EF0T,2023-11-02 17:29:29.440,,Test,Test,1,,
696,TES-33SVBNRL,2023-11-02 17:29:29.440,,Test,Test,1,,
697,TES-DADE9WP5,2023-11-02 17:29:29.440,,Test,Test,1,,
698,TES-ERIX4GLX,2023-11-02 17:29:29.440,,Test,Test,1,,
699,TES-NQAADC7A,2023-11-02 17:29:29.440,,Test,Test,1,,
700,TES-O0FVZYGS,2023-11-02 17:29:29.440,,Test,Test,1,,
701,TES-Z08MDIIY,2023-11-02 17:29:29.440,,Test,Test,1,,
702,TES-CYH7ZO7P,2023-11-02 17:29:29.440,,Test,Test,1,,
703,TES-SW7ZW4WH,2023-11-02 17:29:29.440,,Test,Test,1,,
704,TES-MA6K8T1V,2023-11-02 17:29:29.440,,Test,Test,1,,
705,TES-9CX5AHA6,2023-11-02 17:29:29.440,,Test,Test,1,,
706,TES-CSF71JTK,2023-11-02 17:29:29.440,,Test,Test,1,,
707,TES-1WFRGM4G,2023-11-02 17:29:29.440,,Test,Test,1,,
708,TES-A5454EE7,2023-11-02 17:29:29.440,,Test,Test,1,,
709,TES-9US5H5TE,2023-11-02 17:29:29.440,,Test,Test,1,,
710,TES-0UBLBW7D,2023-11-02 17:29:29.440,,Test,Test,1,,
711,TES-STFPUZJM,2023-11-02 17:29:29.440,,Test,Test,1,,
712,TES-IQGHV2U1,2023-11-02 17:29:29.440,,Test,Test,1,,
713,TES-UWA8K5ZW,2023-11-02 17:29:29.440,,Test,Test,1,,
714,TES-MP83UW66,2023-11-02 17:29:29.440,,Test,Test,1,,
715,TES-25SMZ2RP,2023-11-02 17:29:29.440,,Test,Test,1,,
716,TES-6LLBGPSW,2023-11-02 17:29:29.440,,Test,Test,1,,
717,TES-QYRE997Q,2023-11-02 17:29:29.440,,Test,Test,1,,
718,TES-U6S219A0,2023-11-02 18:04:06.401,,Test,Test,1,,
719,TES-Y2NXPUI9,2023-11-02 18:04:06.402,,Test,Test,1,,
720,TES-9EGY23Y6,2023-11-02 18:04:06.402,,Test,Test,1,,
721,TES-4FJXXJ7T,2023-11-02 18:04:13.666,,Test,Test,1,,
722,TES-K33IE0FG,2023-11-02 18:04:13.666,,Test,Test,1,,
723,TES-2FQUY61X,2023-11-02 18:04:13.666,,Test,Test,1,,
724,TES-UKUW22SR,2023-11-02 18:12:31.510,,Test,Test,1,,
725,TES-6UKM1HO5,2023-11-02 18:12:31.510,,Test,Test,1,,
726,TES-NM2TTZH4,2023-11-02 18:12:31.510,,Test,Test,1,,
727,TES-8TTZ6DSV,2023-11-02 18:46:04.680,,Test,Test,1,,
728,TES-4Q613GZT,2023-11-02 18:46:04.680,,Test,Test,1,,
729,TES-UNK2UAVW,2023-11-02 18:46:04.680,,Test,Test,1,,
730,IOT-80GCUZ3H,2023-11-09 19:21:34.078,,test,io,1,,
731,IOT-SGYYDLH7,2023-11-09 19:21:34.078,,test,io,1,,
732,TES-3N2Z4OKQ,2023-11-10 11:07:02.025,,Test,Test,8,,
733,TES-PYO20H9K,2023-11-10 11:07:02.034,,Test,Test,8,,
734,TES-8QUYUIJF,2023-11-10 11:07:02.034,,Test,Test,8,,
